1024x1024 bmm  3,,,
elapsed time,power,no of threads,
2.94,2,1, block size is 4
5.76,3,1, block size is 4
8.58,4,1, block size is 4
11.39,5,1, block size is 4
14.21,6,1, block size is 4
17.02,7,1, block size is 4
19.84,8,1, block size is 4
22.64,9,1, block size is 4
25.46,10,1, block size is 4
28.3,11,1, block size is 4
31.16,12,1, block size is 4
33.97,13,1, block size is 4
36.78,14,1, block size is 4
39.6,15,1, block size is 4
42.42,16,1, block size is 4
44.93,2,1, block size is 8
47.44,3,1, block size is 8
49.95,4,1, block size is 8
52.46,5,1, block size is 8
54.97,6,1, block size is 8
57.48,7,1, block size is 8
60.02,8,1, block size is 8
62.53,9,1, block size is 8
65.05,10,1, block size is 8
67.56,11,1, block size is 8
70.08,12,1, block size is 8
72.59,13,1, block size is 8
75.12,14,1, block size is 8
77.62,15,1, block size is 8
80.14,16,1, block size is 8
82.5,2,1, block size is 16
84.87,3,1, block size is 16
87.23,4,1, block size is 16
89.61,5,1, block size is 16
91.98,6,1, block size is 16
94.35,7,1, block size is 16
96.72,8,1, block size is 16
99.09,9,1, block size is 16
101.46,10,1, block size is 16
103.83,11,1, block size is 16
106.2,12,1, block size is 16
108.56,13,1, block size is 16
110.93,14,1, block size is 16
113.3,15,1, block size is 16
115.67,16,1, block size is 16
118.05,2,1, block size is 32
120.44,3,1, block size is 32
122.82,4,1, block size is 32
125.21,5,1, block size is 32
127.6,6,1, block size is 32
129.98,7,1, block size is 32
132.37,8,1, block size is 32
134.75,9,1, block size is 32
137.14,10,1, block size is 32
139.52,11,1, block size is 32
141.91,12,1, block size is 32
144.29,13,1, block size is 32
146.67,14,1, block size is 32
149.06,15,1, block size is 32
151.44,16,1, block size is 32
153.81,2,1, block size is 64
156.18,3,1, block size is 64
158.55,4,1, block size is 64
160.92,5,1, block size is 64
163.29,6,1, block size is 64
165.66,7,1, block size is 64
168.03,8,1, block size is 64
170.4,9,1, block size is 64
172.77,10,1, block size is 64
175.14,11,1, block size is 64
177.51,12,1, block size is 64
179.88,13,1, block size is 64
182.25,14,1, block size is 64
184.62,15,1, block size is 64
186.99,16,1, block size is 64
1024 1 thread done,,,
1.44,2,2, block size is 4
2.88,3,2, block size is 4
4.3,4,2, block size is 4
5.74,5,2, block size is 4
7.15,6,2, block size is 4
8.59,7,2, block size is 4
10.06,8,2, block size is 4
11.59,9,2, block size is 4
13,10,2, block size is 4
14.42,11,2, block size is 4
15.83,12,2, block size is 4
17.24,13,2, block size is 4
18.65,14,2, block size is 4
20.07,15,2, block size is 4
21.48,16,2, block size is 4
22.74,2,2, block size is 8
24,3,2, block size is 8
25.26,4,2, block size is 8
26.52,5,2, block size is 8
27.78,6,2, block size is 8
29.03,7,2, block size is 8
30.29,8,2, block size is 8
31.55,9,2, block size is 8
32.81,10,2, block size is 8
34.07,11,2, block size is 8
35.33,12,2, block size is 8
36.59,13,2, block size is 8
37.85,14,2, block size is 8
39.11,15,2, block size is 8
40.37,16,2, block size is 8
41.56,2,2, block size is 16
42.74,3,2, block size is 16
43.93,4,2, block size is 16
45.12,5,2, block size is 16
46.3,6,2, block size is 16
47.49,7,2, block size is 16
48.68,8,2, block size is 16
49.87,9,2, block size is 16
51.05,10,2, block size is 16
52.24,11,2, block size is 16
53.43,12,2, block size is 16
54.61,13,2, block size is 16
55.8,14,2, block size is 16
56.99,15,2, block size is 16
58.18,16,2, block size is 16
59.37,2,2, block size is 32
60.57,3,2, block size is 32
61.76,4,2, block size is 32
62.96,5,2, block size is 32
64.16,6,2, block size is 32
65.36,7,2, block size is 32
66.55,8,2, block size is 32
67.75,9,2, block size is 32
68.95,10,2, block size is 32
70.14,11,2, block size is 32
71.34,12,2, block size is 32
72.53,13,2, block size is 32
73.73,14,2, block size is 32
74.92,15,2, block size is 32
76.12,16,2, block size is 32
77.3,2,2, block size is 64
78.49,3,2, block size is 64
79.68,4,2, block size is 64
80.86,5,2, block size is 64
82.05,6,2, block size is 64
83.23,7,2, block size is 64
84.42,8,2, block size is 64
85.61,9,2, block size is 64
elapsed time = 86.79 | seconds power is 10 | number of threads is 2 | block size is 64,,,
elapsed time = 87.98 | seconds power is 11 | number of threads is 2 | block size is 64,,,
elapsed time = 89.16 | seconds power is 12 | number of threads is 2 | block size is 64,,,
elapsed time = 90.35 | seconds power is 13 | number of threads is 2 | block size is 64,,,
elapsed time = 91.54 | seconds power is 14 | number of threads is 2 | block size is 64,,,
elapsed time = 92.72 | seconds power is 15 | number of threads is 2 | block size is 64,,,
elapsed time = 93.91 | seconds power is 16 | number of threads is 2 | block size is 64,,,
1024 2 thread done,,,
elapsed time = 0.74 | seconds power is 2 | number of threads is 4 | block size is 4,,,
elapsed time = 1.47 | seconds power is 3 | number of threads is 4 | block size is 4,,,
elapsed time = 2.19 | seconds power is 4 | number of threads is 4 | block size is 4,,,
elapsed time = 2.91 | seconds power is 5 | number of threads is 4 | block size is 4,,,
elapsed time = 3.65 | seconds power is 6 | number of threads is 4 | block size is 4,,,
elapsed time = 4.37 | seconds power is 7 | number of threads is 4 | block size is 4,,,
elapsed time = 5.10 | seconds power is 8 | number of threads is 4 | block size is 4,,,
elapsed time = 5.82 | seconds power is 9 | number of threads is 4 | block size is 4,,,
elapsed time = 6.55 | seconds power is 10 | number of threads is 4 | block size is 4,,,
elapsed time = 7.27 | seconds power is 11 | number of threads is 4 | block size is 4,,,
elapsed time = 7.99 | seconds power is 12 | number of threads is 4 | block size is 4,,,
elapsed time = 8.72 | seconds power is 13 | number of threads is 4 | block size is 4,,,
elapsed time = 9.44 | seconds power is 14 | number of threads is 4 | block size is 4,,,
elapsed time = 10.17 | seconds power is 15 | number of threads is 4 | block size is 4,,,
elapsed time = 10.89 | seconds power is 16 | number of threads is 4 | block size is 4,,,
elapsed time = 11.54 | seconds power is 2 | number of threads is 4 | block size is 8,,,
elapsed time = 12.18 | seconds power is 3 | number of threads is 4 | block size is 8,,,
elapsed time = 12.82 | seconds power is 4 | number of threads is 4 | block size is 8,,,
elapsed time = 13.46 | seconds power is 5 | number of threads is 4 | block size is 8,,,
elapsed time = 14.11 | seconds power is 6 | number of threads is 4 | block size is 8,,,
elapsed time = 14.75 | seconds power is 7 | number of threads is 4 | block size is 8,,,
elapsed time = 15.39 | seconds power is 8 | number of threads is 4 | block size is 8,,,
elapsed time = 16.03 | seconds power is 9 | number of threads is 4 | block size is 8,,,
elapsed time = 16.68 | seconds power is 10 | number of threads is 4 | block size is 8,,,
elapsed time = 17.32 | seconds power is 11 | number of threads is 4 | block size is 8,,,
elapsed time = 17.96 | seconds power is 12 | number of threads is 4 | block size is 8,,,
elapsed time = 18.61 | seconds power is 13 | number of threads is 4 | block size is 8,,,
elapsed time = 19.25 | seconds power is 14 | number of threads is 4 | block size is 8,,,
elapsed time = 19.89 | seconds power is 15 | number of threads is 4 | block size is 8,,,
elapsed time = 20.54 | seconds power is 16 | number of threads is 4 | block size is 8,,,
elapsed time = 21.15 | seconds power is 2 | number of threads is 4 | block size is 16,,,
elapsed time = 21.75 | seconds power is 3 | number of threads is 4 | block size is 16,,,
elapsed time = 22.36 | seconds power is 4 | number of threads is 4 | block size is 16,,,
elapsed time = 22.97 | seconds power is 5 | number of threads is 4 | block size is 16,,,
elapsed time = 23.57 | seconds power is 6 | number of threads is 4 | block size is 16,,,
elapsed time = 24.18 | seconds power is 7 | number of threads is 4 | block size is 16,,,
elapsed time = 24.79 | seconds power is 8 | number of threads is 4 | block size is 16,,,
elapsed time = 25.39 | seconds power is 9 | number of threads is 4 | block size is 16,,,
elapsed time = 26.00 | seconds power is 10 | number of threads is 4 | block size is 16,,,
elapsed time = 26.61 | seconds power is 11 | number of threads is 4 | block size is 16,,,
elapsed time = 27.22 | seconds power is 12 | number of threads is 4 | block size is 16,,,
elapsed time = 27.82 | seconds power is 13 | number of threads is 4 | block size is 16,,,
elapsed time = 28.43 | seconds power is 14 | number of threads is 4 | block size is 16,,,
elapsed time = 29.04 | seconds power is 15 | number of threads is 4 | block size is 16,,,
elapsed time = 29.64 | seconds power is 16 | number of threads is 4 | block size is 16,,,
elapsed time = 30.26 | seconds power is 2 | number of threads is 4 | block size is 32,,,
elapsed time = 30.87 | seconds power is 3 | number of threads is 4 | block size is 32,,,
elapsed time = 31.48 | seconds power is 4 | number of threads is 4 | block size is 32,,,
elapsed time = 32.09 | seconds power is 5 | number of threads is 4 | block size is 32,,,
elapsed time = 32.70 | seconds power is 6 | number of threads is 4 | block size is 32,,,
elapsed time = 33.32 | seconds power is 7 | number of threads is 4 | block size is 32,,,
elapsed time = 33.94 | seconds power is 8 | number of threads is 4 | block size is 32,,,
elapsed time = 34.55 | seconds power is 9 | number of threads is 4 | block size is 32,,,
elapsed time = 35.17 | seconds power is 10 | number of threads is 4 | block size is 32,,,
elapsed time = 35.78 | seconds power is 11 | number of threads is 4 | block size is 32,,,
elapsed time = 36.39 | seconds power is 12 | number of threads is 4 | block size is 32,,,
elapsed time = 37.00 | seconds power is 13 | number of threads is 4 | block size is 32,,,
elapsed time = 37.61 | seconds power is 14 | number of threads is 4 | block size is 32,,,
elapsed time = 38.22 | seconds power is 15 | number of threads is 4 | block size is 32,,,
elapsed time = 38.84 | seconds power is 16 | number of threads is 4 | block size is 32,,,
elapsed time = 39.44 | seconds power is 2 | number of threads is 4 | block size is 64,,,
elapsed time = 40.05 | seconds power is 3 | number of threads is 4 | block size is 64,,,
elapsed time = 40.66 | seconds power is 4 | number of threads is 4 | block size is 64,,,
elapsed time = 41.29 | seconds power is 5 | number of threads is 4 | block size is 64,,,
elapsed time = 41.92 | seconds power is 6 | number of threads is 4 | block size is 64,,,
elapsed time = 42.55 | seconds power is 7 | number of threads is 4 | block size is 64,,,
elapsed time = 43.18 | seconds power is 8 | number of threads is 4 | block size is 64,,,
elapsed time = 43.80 | seconds power is 9 | number of threads is 4 | block size is 64,,,
elapsed time = 44.43 | seconds power is 10 | number of threads is 4 | block size is 64,,,
elapsed time = 45.06 | seconds power is 11 | number of threads is 4 | block size is 64,,,
elapsed time = 45.69 | seconds power is 12 | number of threads is 4 | block size is 64,,,
elapsed time = 46.32 | seconds power is 13 | number of threads is 4 | block size is 64,,,
elapsed time = 46.95 | seconds power is 14 | number of threads is 4 | block size is 64,,,
elapsed time = 47.59 | seconds power is 15 | number of threads is 4 | block size is 64,,,
elapsed time = 48.21 | seconds power is 16 | number of threads is 4 | block size is 64,,,
1024 4 thread done,,,
elapsed time = 0.58 | seconds power is 2 | number of threads is 6 | block size is 4,,,
elapsed time = 1.15 | seconds power is 3 | number of threads is 6 | block size is 4,,,
elapsed time = 1.72 | seconds power is 4 | number of threads is 6 | block size is 4,,,
elapsed time = 2.29 | seconds power is 5 | number of threads is 6 | block size is 4,,,
elapsed time = 2.86 | seconds power is 6 | number of threads is 6 | block size is 4,,,
elapsed time = 3.43 | seconds power is 7 | number of threads is 6 | block size is 4,,,
elapsed time = 4.00 | seconds power is 8 | number of threads is 6 | block size is 4,,,
elapsed time = 4.57 | seconds power is 9 | number of threads is 6 | block size is 4,,,
elapsed time = 5.13 | seconds power is 10 | number of threads is 6 | block size is 4,,,
elapsed time = 5.71 | seconds power is 11 | number of threads is 6 | block size is 4,,,
elapsed time = 6.27 | seconds power is 12 | number of threads is 6 | block size is 4,,,
elapsed time = 6.84 | seconds power is 13 | number of threads is 6 | block size is 4,,,
elapsed time = 7.41 | seconds power is 14 | number of threads is 6 | block size is 4,,,
elapsed time = 7.98 | seconds power is 15 | number of threads is 6 | block size is 4,,,
elapsed time = 8.54 | seconds power is 16 | number of threads is 6 | block size is 4,,,
elapsed time = 9.06 | seconds power is 2 | number of threads is 6 | block size is 8,,,
elapsed time = 9.58 | seconds power is 3 | number of threads is 6 | block size is 8,,,
elapsed time = 10.09 | seconds power is 4 | number of threads is 6 | block size is 8,,,
elapsed time = 10.61 | seconds power is 5 | number of threads is 6 | block size is 8,,,
elapsed time = 11.12 | seconds power is 6 | number of threads is 6 | block size is 8,,,
elapsed time = 11.64 | seconds power is 7 | number of threads is 6 | block size is 8,,,
elapsed time = 12.15 | seconds power is 8 | number of threads is 6 | block size is 8,,,
elapsed time = 12.66 | seconds power is 9 | number of threads is 6 | block size is 8,,,
elapsed time = 13.18 | seconds power is 10 | number of threads is 6 | block size is 8,,,
elapsed time = 13.69 | seconds power is 11 | number of threads is 6 | block size is 8,,,
elapsed time = 14.21 | seconds power is 12 | number of threads is 6 | block size is 8,,,
elapsed time = 14.72 | seconds power is 13 | number of threads is 6 | block size is 8,,,
elapsed time = 15.24 | seconds power is 14 | number of threads is 6 | block size is 8,,,
elapsed time = 15.75 | seconds power is 15 | number of threads is 6 | block size is 8,,,
elapsed time = 16.27 | seconds power is 16 | number of threads is 6 | block size is 8,,,
elapsed time = 16.77 | seconds power is 2 | number of threads is 6 | block size is 16,,,
elapsed time = 17.26 | seconds power is 3 | number of threads is 6 | block size is 16,,,
elapsed time = 17.76 | seconds power is 4 | number of threads is 6 | block size is 16,,,
elapsed time = 18.26 | seconds power is 5 | number of threads is 6 | block size is 16,,,
elapsed time = 18.75 | seconds power is 6 | number of threads is 6 | block size is 16,,,
elapsed time = 19.25 | seconds power is 7 | number of threads is 6 | block size is 16,,,
elapsed time = 19.74 | seconds power is 8 | number of threads is 6 | block size is 16,,,
elapsed time = 20.24 | seconds power is 9 | number of threads is 6 | block size is 16,,,
elapsed time = 20.73 | seconds power is 10 | number of threads is 6 | block size is 16,,,
elapsed time = 21.23 | seconds power is 11 | number of threads is 6 | block size is 16,,,
elapsed time = 21.73 | seconds power is 12 | number of threads is 6 | block size is 16,,,
elapsed time = 22.22 | seconds power is 13 | number of threads is 6 | block size is 16,,,
elapsed time = 22.71 | seconds power is 14 | number of threads is 6 | block size is 16,,,
elapsed time = 23.20 | seconds power is 15 | number of threads is 6 | block size is 16,,,
elapsed time = 23.68 | seconds power is 16 | number of threads is 6 | block size is 16,,,
elapsed time = 24.21 | seconds power is 2 | number of threads is 6 | block size is 32,,,
elapsed time = 24.72 | seconds power is 3 | number of threads is 6 | block size is 32,,,
elapsed time = 25.23 | seconds power is 4 | number of threads is 6 | block size is 32,,,
elapsed time = 25.75 | seconds power is 5 | number of threads is 6 | block size is 32,,,
elapsed time = 26.26 | seconds power is 6 | number of threads is 6 | block size is 32,,,
elapsed time = 26.77 | seconds power is 7 | number of threads is 6 | block size is 32,,,
elapsed time = 27.29 | seconds power is 8 | number of threads is 6 | block size is 32,,,
elapsed time = 27.80 | seconds power is 9 | number of threads is 6 | block size is 32,,,
elapsed time = 28.32 | seconds power is 10 | number of threads is 6 | block size is 32,,,
elapsed time = 28.83 | seconds power is 11 | number of threads is 6 | block size is 32,,,
elapsed time = 29.35 | seconds power is 12 | number of threads is 6 | block size is 32,,,
elapsed time = 29.86 | seconds power is 13 | number of threads is 6 | block size is 32,,,
elapsed time = 30.37 | seconds power is 14 | number of threads is 6 | block size is 32,,,
elapsed time = 30.89 | seconds power is 15 | number of threads is 6 | block size is 32,,,
elapsed time = 31.40 | seconds power is 16 | number of threads is 6 | block size is 32,,,
elapsed time = 31.91 | seconds power is 2 | number of threads is 6 | block size is 64,,,
elapsed time = 32.42 | seconds power is 3 | number of threads is 6 | block size is 64,,,
elapsed time = 32.93 | seconds power is 4 | number of threads is 6 | block size is 64,,,
elapsed time = 33.45 | seconds power is 5 | number of threads is 6 | block size is 64,,,
elapsed time = 33.96 | seconds power is 6 | number of threads is 6 | block size is 64,,,
elapsed time = 34.47 | seconds power is 7 | number of threads is 6 | block size is 64,,,
elapsed time = 34.98 | seconds power is 8 | number of threads is 6 | block size is 64,,,
elapsed time = 35.49 | seconds power is 9 | number of threads is 6 | block size is 64,,,
elapsed time = 36.00 | seconds power is 10 | number of threads is 6 | block size is 64,,,
elapsed time = 36.51 | seconds power is 11 | number of threads is 6 | block size is 64,,,
elapsed time = 37.02 | seconds power is 12 | number of threads is 6 | block size is 64,,,
elapsed time = 37.53 | seconds power is 13 | number of threads is 6 | block size is 64,,,
elapsed time = 38.04 | seconds power is 14 | number of threads is 6 | block size is 64,,,
elapsed time = 38.55 | seconds power is 15 | number of threads is 6 | block size is 64,,,
elapsed time = 39.06 | seconds power is 16 | number of threads is 6 | block size is 64,,,
1024 6 thread done,,,
elapsed time = 0.48 | seconds power is 2 | number of threads is 8 | block size is 4,,,
elapsed time = 0.95 | seconds power is 3 | number of threads is 8 | block size is 4,,,
elapsed time = 1.42 | seconds power is 4 | number of threads is 8 | block size is 4,,,
elapsed time = 1.89 | seconds power is 5 | number of threads is 8 | block size is 4,,,
elapsed time = 2.35 | seconds power is 6 | number of threads is 8 | block size is 4,,,
elapsed time = 2.82 | seconds power is 7 | number of threads is 8 | block size is 4,,,
elapsed time = 3.29 | seconds power is 8 | number of threads is 8 | block size is 4,,,
elapsed time = 3.76 | seconds power is 9 | number of threads is 8 | block size is 4,,,
elapsed time = 4.23 | seconds power is 10 | number of threads is 8 | block size is 4,,,
elapsed time = 4.70 | seconds power is 11 | number of threads is 8 | block size is 4,,,
elapsed time = 5.17 | seconds power is 12 | number of threads is 8 | block size is 4,,,
elapsed time = 5.63 | seconds power is 13 | number of threads is 8 | block size is 4,,,
elapsed time = 6.10 | seconds power is 14 | number of threads is 8 | block size is 4,,,
elapsed time = 6.58 | seconds power is 15 | number of threads is 8 | block size is 4,,,
elapsed time = 7.05 | seconds power is 16 | number of threads is 8 | block size is 4,,,
elapsed time = 7.46 | seconds power is 2 | number of threads is 8 | block size is 8,,,
elapsed time = 7.87 | seconds power is 3 | number of threads is 8 | block size is 8,,,
elapsed time = 8.28 | seconds power is 4 | number of threads is 8 | block size is 8,,,
elapsed time = 8.69 | seconds power is 5 | number of threads is 8 | block size is 8,,,
elapsed time = 9.10 | seconds power is 6 | number of threads is 8 | block size is 8,,,
elapsed time = 9.51 | seconds power is 7 | number of threads is 8 | block size is 8,,,
elapsed time = 9.93 | seconds power is 8 | number of threads is 8 | block size is 8,,,
elapsed time = 10.34 | seconds power is 9 | number of threads is 8 | block size is 8,,,
elapsed time = 10.75 | seconds power is 10 | number of threads is 8 | block size is 8,,,
elapsed time = 11.16 | seconds power is 11 | number of threads is 8 | block size is 8,,,
elapsed time = 11.57 | seconds power is 12 | number of threads is 8 | block size is 8,,,
elapsed time = 11.99 | seconds power is 13 | number of threads is 8 | block size is 8,,,
elapsed time = 12.40 | seconds power is 14 | number of threads is 8 | block size is 8,,,
elapsed time = 12.81 | seconds power is 15 | number of threads is 8 | block size is 8,,,
elapsed time = 13.22 | seconds power is 16 | number of threads is 8 | block size is 8,,,
elapsed time = 13.61 | seconds power is 2 | number of threads is 8 | block size is 16,,,
elapsed time = 14.00 | seconds power is 3 | number of threads is 8 | block size is 16,,,
elapsed time = 14.39 | seconds power is 4 | number of threads is 8 | block size is 16,,,
elapsed time = 14.78 | seconds power is 5 | number of threads is 8 | block size is 16,,,
elapsed time = 15.17 | seconds power is 6 | number of threads is 8 | block size is 16,,,
elapsed time = 15.56 | seconds power is 7 | number of threads is 8 | block size is 16,,,
elapsed time = 15.95 | seconds power is 8 | number of threads is 8 | block size is 16,,,
elapsed time = 16.34 | seconds power is 9 | number of threads is 8 | block size is 16,,,
elapsed time = 16.73 | seconds power is 10 | number of threads is 8 | block size is 16,,,
elapsed time = 17.12 | seconds power is 11 | number of threads is 8 | block size is 16,,,
elapsed time = 17.51 | seconds power is 12 | number of threads is 8 | block size is 16,,,
elapsed time = 17.90 | seconds power is 13 | number of threads is 8 | block size is 16,,,
elapsed time = 18.29 | seconds power is 14 | number of threads is 8 | block size is 16,,,
elapsed time = 18.68 | seconds power is 15 | number of threads is 8 | block size is 16,,,
elapsed time = 19.07 | seconds power is 16 | number of threads is 8 | block size is 16,,,
elapsed time = 19.46 | seconds power is 2 | number of threads is 8 | block size is 32,,,
elapsed time = 19.85 | seconds power is 3 | number of threads is 8 | block size is 32,,,
elapsed time = 20.24 | seconds power is 4 | number of threads is 8 | block size is 32,,,
elapsed time = 20.63 | seconds power is 5 | number of threads is 8 | block size is 32,,,
elapsed time = 21.02 | seconds power is 6 | number of threads is 8 | block size is 32,,,
elapsed time = 21.41 | seconds power is 7 | number of threads is 8 | block size is 32,,,
elapsed time = 21.79 | seconds power is 8 | number of threads is 8 | block size is 32,,,
elapsed time = 22.18 | seconds power is 9 | number of threads is 8 | block size is 32,,,
elapsed time = 22.58 | seconds power is 10 | number of threads is 8 | block size is 32,,,
elapsed time = 22.96 | seconds power is 11 | number of threads is 8 | block size is 32,,,
elapsed time = 23.35 | seconds power is 12 | number of threads is 8 | block size is 32,,,
elapsed time = 23.74 | seconds power is 13 | number of threads is 8 | block size is 32,,,
elapsed time = 24.13 | seconds power is 14 | number of threads is 8 | block size is 32,,,
elapsed time = 24.52 | seconds power is 15 | number of threads is 8 | block size is 32,,,
elapsed time = 24.91 | seconds power is 16 | number of threads is 8 | block size is 32,,,
elapsed time = 25.30 | seconds power is 2 | number of threads is 8 | block size is 64,,,
elapsed time = 25.68 | seconds power is 3 | number of threads is 8 | block size is 64,,,
elapsed time = 26.07 | seconds power is 4 | number of threads is 8 | block size is 64,,,
elapsed time = 26.46 | seconds power is 5 | number of threads is 8 | block size is 64,,,
elapsed time = 26.84 | seconds power is 6 | number of threads is 8 | block size is 64,,,
elapsed time = 27.23 | seconds power is 7 | number of threads is 8 | block size is 64,,,
elapsed time = 27.61 | seconds power is 8 | number of threads is 8 | block size is 64,,,
elapsed time = 28.00 | seconds power is 9 | number of threads is 8 | block size is 64,,,
elapsed time = 28.39 | seconds power is 10 | number of threads is 8 | block size is 64,,,
elapsed time = 28.80 | seconds power is 11 | number of threads is 8 | block size is 64,,,
elapsed time = 29.19 | seconds power is 12 | number of threads is 8 | block size is 64,,,
elapsed time = 29.58 | seconds power is 13 | number of threads is 8 | block size is 64,,,
elapsed time = 29.96 | seconds power is 14 | number of threads is 8 | block size is 64,,,
elapsed time = 30.35 | seconds power is 15 | number of threads is 8 | block size is 64,,,
elapsed time = 30.74 | seconds power is 16 | number of threads is 8 | block size is 64,,,
1024 8 thread done,,,
elapsed time = 0.48 | seconds power is 2 | number of threads is 10 | block size is 4,,,
elapsed time = 0.97 | seconds power is 3 | number of threads is 10 | block size is 4,,,
elapsed time = 1.52 | seconds power is 4 | number of threads is 10 | block size is 4,,,
elapsed time = 2.00 | seconds power is 5 | number of threads is 10 | block size is 4,,,
elapsed time = 2.48 | seconds power is 6 | number of threads is 10 | block size is 4,,,
elapsed time = 2.96 | seconds power is 7 | number of threads is 10 | block size is 4,,,
elapsed time = 3.45 | seconds power is 8 | number of threads is 10 | block size is 4,,,
elapsed time = 3.93 | seconds power is 9 | number of threads is 10 | block size is 4,,,
elapsed time = 4.41 | seconds power is 10 | number of threads is 10 | block size is 4,,,
elapsed time = 4.89 | seconds power is 11 | number of threads is 10 | block size is 4,,,
elapsed time = 5.38 | seconds power is 12 | number of threads is 10 | block size is 4,,,
elapsed time = 5.86 | seconds power is 13 | number of threads is 10 | block size is 4,,,
elapsed time = 6.35 | seconds power is 14 | number of threads is 10 | block size is 4,,,
elapsed time = 6.85 | seconds power is 15 | number of threads is 10 | block size is 4,,,
elapsed time = 7.33 | seconds power is 16 | number of threads is 10 | block size is 4,,,
elapsed time = 7.76 | seconds power is 2 | number of threads is 10 | block size is 8,,,
elapsed time = 8.18 | seconds power is 3 | number of threads is 10 | block size is 8,,,
elapsed time = 8.62 | seconds power is 4 | number of threads is 10 | block size is 8,,,
elapsed time = 9.05 | seconds power is 5 | number of threads is 10 | block size is 8,,,
elapsed time = 9.47 | seconds power is 6 | number of threads is 10 | block size is 8,,,
elapsed time = 9.92 | seconds power is 7 | number of threads is 10 | block size is 8,,,
elapsed time = 10.33 | seconds power is 8 | number of threads is 10 | block size is 8,,,
elapsed time = 10.76 | seconds power is 9 | number of threads is 10 | block size is 8,,,
elapsed time = 11.19 | seconds power is 10 | number of threads is 10 | block size is 8,,,
elapsed time = 11.62 | seconds power is 11 | number of threads is 10 | block size is 8,,,
elapsed time = 12.05 | seconds power is 12 | number of threads is 10 | block size is 8,,,
elapsed time = 12.48 | seconds power is 13 | number of threads is 10 | block size is 8,,,
elapsed time = 12.91 | seconds power is 14 | number of threads is 10 | block size is 8,,,
elapsed time = 13.34 | seconds power is 15 | number of threads is 10 | block size is 8,,,
elapsed time = 13.77 | seconds power is 16 | number of threads is 10 | block size is 8,,,
elapsed time = 14.20 | seconds power is 2 | number of threads is 10 | block size is 16,,,
elapsed time = 14.61 | seconds power is 3 | number of threads is 10 | block size is 16,,,
elapsed time = 15.03 | seconds power is 4 | number of threads is 10 | block size is 16,,,
elapsed time = 15.45 | seconds power is 5 | number of threads is 10 | block size is 16,,,
elapsed time = 15.88 | seconds power is 6 | number of threads is 10 | block size is 16,,,
elapsed time = 16.31 | seconds power is 7 | number of threads is 10 | block size is 16,,,
elapsed time = 16.72 | seconds power is 8 | number of threads is 10 | block size is 16,,,
elapsed time = 17.15 | seconds power is 9 | number of threads is 10 | block size is 16,,,
elapsed time = 17.57 | seconds power is 10 | number of threads is 10 | block size is 16,,,
elapsed time = 18.02 | seconds power is 11 | number of threads is 10 | block size is 16,,,
elapsed time = 18.42 | seconds power is 12 | number of threads is 10 | block size is 16,,,
elapsed time = 18.84 | seconds power is 13 | number of threads is 10 | block size is 16,,,
elapsed time = 19.25 | seconds power is 14 | number of threads is 10 | block size is 16,,,
elapsed time = 19.67 | seconds power is 15 | number of threads is 10 | block size is 16,,,
elapsed time = 20.15 | seconds power is 16 | number of threads is 10 | block size is 16,,,
elapsed time = 20.56 | seconds power is 2 | number of threads is 10 | block size is 32,,,
elapsed time = 20.94 | seconds power is 3 | number of threads is 10 | block size is 32,,,
elapsed time = 21.33 | seconds power is 4 | number of threads is 10 | block size is 32,,,
elapsed time = 21.78 | seconds power is 5 | number of threads is 10 | block size is 32,,,
elapsed time = 22.16 | seconds power is 6 | number of threads is 10 | block size is 32,,,
elapsed time = 22.54 | seconds power is 7 | number of threads is 10 | block size is 32,,,
elapsed time = 22.92 | seconds power is 8 | number of threads is 10 | block size is 32,,,
elapsed time = 23.31 | seconds power is 9 | number of threads is 10 | block size is 32,,,
elapsed time = 23.75 | seconds power is 10 | number of threads is 10 | block size is 32,,,
elapsed time = 24.19 | seconds power is 11 | number of threads is 10 | block size is 32,,,
elapsed time = 24.60 | seconds power is 12 | number of threads is 10 | block size is 32,,,
elapsed time = 25.04 | seconds power is 13 | number of threads is 10 | block size is 32,,,
elapsed time = 25.49 | seconds power is 14 | number of threads is 10 | block size is 32,,,
elapsed time = 25.90 | seconds power is 15 | number of threads is 10 | block size is 32,,,
elapsed time = 26.34 | seconds power is 16 | number of threads is 10 | block size is 32,,,
elapsed time = 26.78 | seconds power is 2 | number of threads is 10 | block size is 64,,,
elapsed time = 27.25 | seconds power is 3 | number of threads is 10 | block size is 64,,,
elapsed time = 27.68 | seconds power is 4 | number of threads is 10 | block size is 64,,,
elapsed time = 28.12 | seconds power is 5 | number of threads is 10 | block size is 64,,,
elapsed time = 28.56 | seconds power is 6 | number of threads is 10 | block size is 64,,,
elapsed time = 29.00 | seconds power is 7 | number of threads is 10 | block size is 64,,,
elapsed time = 29.44 | seconds power is 8 | number of threads is 10 | block size is 64,,,
elapsed time = 29.90 | seconds power is 9 | number of threads is 10 | block size is 64,,,
elapsed time = 30.34 | seconds power is 10 | number of threads is 10 | block size is 64,,,
elapsed time = 30.79 | seconds power is 11 | number of threads is 10 | block size is 64,,,
elapsed time = 31.23 | seconds power is 12 | number of threads is 10 | block size is 64,,,
elapsed time = 31.68 | seconds power is 13 | number of threads is 10 | block size is 64,,,
elapsed time = 32.11 | seconds power is 14 | number of threads is 10 | block size is 64,,,
elapsed time = 32.54 | seconds power is 15 | number of threads is 10 | block size is 64,,,
elapsed time = 33.00 | seconds power is 16 | number of threads is 10 | block size is 64,,,
1024 10 thread done,,,
elapsed time = 0.46 | seconds power is 2 | number of threads is 12 | block size is 4,,,
elapsed time = 0.89 | seconds power is 3 | number of threads is 12 | block size is 4,,,
elapsed time = 1.33 | seconds power is 4 | number of threads is 12 | block size is 4,,,
elapsed time = 1.76 | seconds power is 5 | number of threads is 12 | block size is 4,,,
elapsed time = 2.20 | seconds power is 6 | number of threads is 12 | block size is 4,,,
elapsed time = 2.65 | seconds power is 7 | number of threads is 12 | block size is 4,,,
elapsed time = 3.09 | seconds power is 8 | number of threads is 12 | block size is 4,,,
elapsed time = 3.55 | seconds power is 9 | number of threads is 12 | block size is 4,,,
elapsed time = 3.98 | seconds power is 10 | number of threads is 12 | block size is 4,,,
elapsed time = 4.48 | seconds power is 11 | number of threads is 12 | block size is 4,,,
elapsed time = 4.96 | seconds power is 12 | number of threads is 12 | block size is 4,,,
elapsed time = 5.39 | seconds power is 13 | number of threads is 12 | block size is 4,,,
elapsed time = 5.85 | seconds power is 14 | number of threads is 12 | block size is 4,,,
elapsed time = 6.29 | seconds power is 15 | number of threads is 12 | block size is 4,,,
elapsed time = 6.74 | seconds power is 16 | number of threads is 12 | block size is 4,,,
elapsed time = 7.12 | seconds power is 2 | number of threads is 12 | block size is 8,,,
elapsed time = 7.53 | seconds power is 3 | number of threads is 12 | block size is 8,,,
elapsed time = 7.93 | seconds power is 4 | number of threads is 12 | block size is 8,,,
elapsed time = 8.34 | seconds power is 5 | number of threads is 12 | block size is 8,,,
elapsed time = 8.75 | seconds power is 6 | number of threads is 12 | block size is 8,,,
elapsed time = 9.15 | seconds power is 7 | number of threads is 12 | block size is 8,,,
elapsed time = 9.55 | seconds power is 8 | number of threads is 12 | block size is 8,,,
elapsed time = 9.94 | seconds power is 9 | number of threads is 12 | block size is 8,,,
elapsed time = 10.33 | seconds power is 10 | number of threads is 12 | block size is 8,,,
elapsed time = 10.72 | seconds power is 11 | number of threads is 12 | block size is 8,,,
elapsed time = 11.11 | seconds power is 12 | number of threads is 12 | block size is 8,,,
elapsed time = 11.51 | seconds power is 13 | number of threads is 12 | block size is 8,,,
elapsed time = 11.93 | seconds power is 14 | number of threads is 12 | block size is 8,,,
elapsed time = 12.33 | seconds power is 15 | number of threads is 12 | block size is 8,,,
elapsed time = 12.71 | seconds power is 16 | number of threads is 12 | block size is 8,,,
elapsed time = 13.07 | seconds power is 2 | number of threads is 12 | block size is 16,,,
elapsed time = 13.46 | seconds power is 3 | number of threads is 12 | block size is 16,,,
elapsed time = 13.82 | seconds power is 4 | number of threads is 12 | block size is 16,,,
elapsed time = 14.20 | seconds power is 5 | number of threads is 12 | block size is 16,,,
elapsed time = 14.58 | seconds power is 6 | number of threads is 12 | block size is 16,,,
elapsed time = 14.96 | seconds power is 7 | number of threads is 12 | block size is 16,,,
elapsed time = 15.34 | seconds power is 8 | number of threads is 12 | block size is 16,,,
elapsed time = 15.72 | seconds power is 9 | number of threads is 12 | block size is 16,,,
elapsed time = 16.10 | seconds power is 10 | number of threads is 12 | block size is 16,,,
elapsed time = 16.50 | seconds power is 11 | number of threads is 12 | block size is 16,,,
elapsed time = 16.88 | seconds power is 12 | number of threads is 12 | block size is 16,,,
elapsed time = 17.27 | seconds power is 13 | number of threads is 12 | block size is 16,,,
elapsed time = 17.67 | seconds power is 14 | number of threads is 12 | block size is 16,,,
elapsed time = 18.05 | seconds power is 15 | number of threads is 12 | block size is 16,,,
elapsed time = 18.43 | seconds power is 16 | number of threads is 12 | block size is 16,,,
elapsed time = 18.81 | seconds power is 2 | number of threads is 12 | block size is 32,,,
elapsed time = 19.19 | seconds power is 3 | number of threads is 12 | block size is 32,,,
elapsed time = 19.57 | seconds power is 4 | number of threads is 12 | block size is 32,,,
elapsed time = 19.94 | seconds power is 5 | number of threads is 12 | block size is 32,,,
elapsed time = 20.31 | seconds power is 6 | number of threads is 12 | block size is 32,,,
elapsed time = 20.68 | seconds power is 7 | number of threads is 12 | block size is 32,,,
elapsed time = 21.06 | seconds power is 8 | number of threads is 12 | block size is 32,,,
elapsed time = 21.43 | seconds power is 9 | number of threads is 12 | block size is 32,,,
elapsed time = 21.81 | seconds power is 10 | number of threads is 12 | block size is 32,,,
elapsed time = 22.20 | seconds power is 11 | number of threads is 12 | block size is 32,,,
elapsed time = 22.58 | seconds power is 12 | number of threads is 12 | block size is 32,,,
elapsed time = 22.95 | seconds power is 13 | number of threads is 12 | block size is 32,,,
elapsed time = 23.37 | seconds power is 14 | number of threads is 12 | block size is 32,,,
elapsed time = 23.73 | seconds power is 15 | number of threads is 12 | block size is 32,,,
elapsed time = 24.10 | seconds power is 16 | number of threads is 12 | block size is 32,,,
elapsed time = 24.53 | seconds power is 2 | number of threads is 12 | block size is 64,,,
elapsed time = 24.96 | seconds power is 3 | number of threads is 12 | block size is 64,,,
elapsed time = 25.38 | seconds power is 4 | number of threads is 12 | block size is 64,,,
elapsed time = 25.80 | seconds power is 5 | number of threads is 12 | block size is 64,,,
elapsed time = 26.23 | seconds power is 6 | number of threads is 12 | block size is 64,,,
elapsed time = 26.66 | seconds power is 7 | number of threads is 12 | block size is 64,,,
elapsed time = 27.08 | seconds power is 8 | number of threads is 12 | block size is 64,,,
elapsed time = 27.51 | seconds power is 9 | number of threads is 12 | block size is 64,,,
elapsed time = 27.97 | seconds power is 10 | number of threads is 12 | block size is 64,,,
elapsed time = 28.39 | seconds power is 11 | number of threads is 12 | block size is 64,,,
elapsed time = 28.82 | seconds power is 12 | number of threads is 12 | block size is 64,,,
elapsed time = 29.24 | seconds power is 13 | number of threads is 12 | block size is 64,,,
elapsed time = 29.67 | seconds power is 14 | number of threads is 12 | block size is 64,,,
elapsed time = 30.09 | seconds power is 15 | number of threads is 12 | block size is 64,,,
elapsed time = 30.51 | seconds power is 16 | number of threads is 12 | block size is 64,,,
1024 12 thread done,,,
elapsed time = 0.41 | seconds power is 2 | number of threads is 14 | block size is 4,,,
elapsed time = 0.83 | seconds power is 3 | number of threads is 14 | block size is 4,,,
elapsed time = 1.29 | seconds power is 4 | number of threads is 14 | block size is 4,,,
elapsed time = 1.71 | seconds power is 5 | number of threads is 14 | block size is 4,,,
elapsed time = 2.14 | seconds power is 6 | number of threads is 14 | block size is 4,,,
elapsed time = 2.60 | seconds power is 7 | number of threads is 14 | block size is 4,,,
elapsed time = 3.02 | seconds power is 8 | number of threads is 14 | block size is 4,,,
elapsed time = 3.44 | seconds power is 9 | number of threads is 14 | block size is 4,,,
elapsed time = 3.87 | seconds power is 10 | number of threads is 14 | block size is 4,,,
elapsed time = 4.29 | seconds power is 11 | number of threads is 14 | block size is 4,,,
elapsed time = 4.72 | seconds power is 12 | number of threads is 14 | block size is 4,,,
elapsed time = 5.14 | seconds power is 13 | number of threads is 14 | block size is 4,,,
elapsed time = 5.55 | seconds power is 14 | number of threads is 14 | block size is 4,,,
elapsed time = 5.97 | seconds power is 15 | number of threads is 14 | block size is 4,,,
elapsed time = 6.44 | seconds power is 16 | number of threads is 14 | block size is 4,,,
elapsed time = 6.82 | seconds power is 2 | number of threads is 14 | block size is 8,,,
elapsed time = 7.20 | seconds power is 3 | number of threads is 14 | block size is 8,,,
elapsed time = 7.59 | seconds power is 4 | number of threads is 14 | block size is 8,,,
elapsed time = 7.99 | seconds power is 5 | number of threads is 14 | block size is 8,,,
elapsed time = 8.38 | seconds power is 6 | number of threads is 14 | block size is 8,,,
elapsed time = 8.78 | seconds power is 7 | number of threads is 14 | block size is 8,,,
elapsed time = 9.15 | seconds power is 8 | number of threads is 14 | block size is 8,,,
elapsed time = 9.53 | seconds power is 9 | number of threads is 14 | block size is 8,,,
elapsed time = 9.95 | seconds power is 10 | number of threads is 14 | block size is 8,,,
elapsed time = 10.33 | seconds power is 11 | number of threads is 14 | block size is 8,,,
elapsed time = 10.72 | seconds power is 12 | number of threads is 14 | block size is 8,,,
elapsed time = 11.09 | seconds power is 13 | number of threads is 14 | block size is 8,,,
elapsed time = 11.48 | seconds power is 14 | number of threads is 14 | block size is 8,,,
elapsed time = 11.87 | seconds power is 15 | number of threads is 14 | block size is 8,,,
elapsed time = 12.27 | seconds power is 16 | number of threads is 14 | block size is 8,,,
elapsed time = 12.64 | seconds power is 2 | number of threads is 14 | block size is 16,,,
elapsed time = 13.02 | seconds power is 3 | number of threads is 14 | block size is 16,,,
elapsed time = 13.39 | seconds power is 4 | number of threads is 14 | block size is 16,,,
elapsed time = 13.76 | seconds power is 5 | number of threads is 14 | block size is 16,,,
elapsed time = 14.13 | seconds power is 6 | number of threads is 14 | block size is 16,,,
elapsed time = 14.51 | seconds power is 7 | number of threads is 14 | block size is 16,,,
elapsed time = 14.88 | seconds power is 8 | number of threads is 14 | block size is 16,,,
elapsed time = 15.27 | seconds power is 9 | number of threads is 14 | block size is 16,,,
elapsed time = 15.66 | seconds power is 10 | number of threads is 14 | block size is 16,,,
elapsed time = 16.04 | seconds power is 11 | number of threads is 14 | block size is 16,,,
elapsed time = 16.43 | seconds power is 12 | number of threads is 14 | block size is 16,,,
elapsed time = 16.79 | seconds power is 13 | number of threads is 14 | block size is 16,,,
elapsed time = 17.19 | seconds power is 14 | number of threads is 14 | block size is 16,,,
elapsed time = 17.60 | seconds power is 15 | number of threads is 14 | block size is 16,,,
elapsed time = 18.02 | seconds power is 16 | number of threads is 14 | block size is 16,,,
elapsed time = 18.35 | seconds power is 2 | number of threads is 14 | block size is 32,,,
elapsed time = 18.75 | seconds power is 3 | number of threads is 14 | block size is 32,,,
elapsed time = 19.15 | seconds power is 4 | number of threads is 14 | block size is 32,,,
elapsed time = 19.50 | seconds power is 5 | number of threads is 14 | block size is 32,,,
elapsed time = 19.86 | seconds power is 6 | number of threads is 14 | block size is 32,,,
elapsed time = 20.23 | seconds power is 7 | number of threads is 14 | block size is 32,,,
elapsed time = 20.61 | seconds power is 8 | number of threads is 14 | block size is 32,,,
elapsed time = 20.94 | seconds power is 9 | number of threads is 14 | block size is 32,,,
elapsed time = 21.36 | seconds power is 10 | number of threads is 14 | block size is 32,,,
elapsed time = 21.75 | seconds power is 11 | number of threads is 14 | block size is 32,,,
elapsed time = 22.15 | seconds power is 12 | number of threads is 14 | block size is 32,,,
elapsed time = 22.54 | seconds power is 13 | number of threads is 14 | block size is 32,,,
elapsed time = 22.93 | seconds power is 14 | number of threads is 14 | block size is 32,,,
elapsed time = 23.28 | seconds power is 15 | number of threads is 14 | block size is 32,,,
elapsed time = 23.64 | seconds power is 16 | number of threads is 14 | block size is 32,,,
elapsed time = 24.08 | seconds power is 2 | number of threads is 14 | block size is 64,,,
elapsed time = 24.45 | seconds power is 3 | number of threads is 14 | block size is 64,,,
elapsed time = 24.83 | seconds power is 4 | number of threads is 14 | block size is 64,,,
elapsed time = 25.21 | seconds power is 5 | number of threads is 14 | block size is 64,,,
elapsed time = 25.59 | seconds power is 6 | number of threads is 14 | block size is 64,,,
elapsed time = 25.97 | seconds power is 7 | number of threads is 14 | block size is 64,,,
elapsed time = 26.35 | seconds power is 8 | number of threads is 14 | block size is 64,,,
elapsed time = 26.73 | seconds power is 9 | number of threads is 14 | block size is 64,,,
elapsed time = 27.11 | seconds power is 10 | number of threads is 14 | block size is 64,,,
elapsed time = 27.49 | seconds power is 11 | number of threads is 14 | block size is 64,,,
elapsed time = 27.87 | seconds power is 12 | number of threads is 14 | block size is 64,,,
elapsed time = 28.25 | seconds power is 13 | number of threads is 14 | block size is 64,,,
elapsed time = 28.69 | seconds power is 14 | number of threads is 14 | block size is 64,,,
elapsed time = 29.16 | seconds power is 15 | number of threads is 14 | block size is 64,,,
elapsed time = 29.60 | seconds power is 16 | number of threads is 14 | block size is 64,,,
1024 14 thread done,,,
elapsed time = 0.41 | seconds power is 2 | number of threads is 16 | block size is 4,,,
elapsed time = 0.82 | seconds power is 3 | number of threads is 16 | block size is 4,,,
elapsed time = 1.22 | seconds power is 4 | number of threads is 16 | block size is 4,,,
elapsed time = 1.64 | seconds power is 5 | number of threads is 16 | block size is 4,,,
elapsed time = 2.07 | seconds power is 6 | number of threads is 16 | block size is 4,,,
elapsed time = 2.48 | seconds power is 7 | number of threads is 16 | block size is 4,,,
elapsed time = 2.89 | seconds power is 8 | number of threads is 16 | block size is 4,,,
elapsed time = 3.32 | seconds power is 9 | number of threads is 16 | block size is 4,,,
elapsed time = 3.72 | seconds power is 10 | number of threads is 16 | block size is 4,,,
elapsed time = 4.15 | seconds power is 11 | number of threads is 16 | block size is 4,,,
elapsed time = 4.55 | seconds power is 12 | number of threads is 16 | block size is 4,,,
elapsed time = 4.97 | seconds power is 13 | number of threads is 16 | block size is 4,,,
elapsed time = 5.38 | seconds power is 14 | number of threads is 16 | block size is 4,,,
elapsed time = 5.79 | seconds power is 15 | number of threads is 16 | block size is 4,,,
elapsed time = 6.21 | seconds power is 16 | number of threads is 16 | block size is 4,,,
elapsed time = 6.58 | seconds power is 2 | number of threads is 16 | block size is 8,,,
elapsed time = 6.97 | seconds power is 3 | number of threads is 16 | block size is 8,,,
elapsed time = 7.34 | seconds power is 4 | number of threads is 16 | block size is 8,,,
elapsed time = 7.72 | seconds power is 5 | number of threads is 16 | block size is 8,,,
elapsed time = 8.09 | seconds power is 6 | number of threads is 16 | block size is 8,,,
elapsed time = 8.48 | seconds power is 7 | number of threads is 16 | block size is 8,,,
elapsed time = 8.86 | seconds power is 8 | number of threads is 16 | block size is 8,,,
elapsed time = 9.23 | seconds power is 9 | number of threads is 16 | block size is 8,,,
elapsed time = 9.60 | seconds power is 10 | number of threads is 16 | block size is 8,,,
elapsed time = 9.97 | seconds power is 11 | number of threads is 16 | block size is 8,,,
elapsed time = 10.35 | seconds power is 12 | number of threads is 16 | block size is 8,,,
elapsed time = 10.74 | seconds power is 13 | number of threads is 16 | block size is 8,,,
elapsed time = 11.12 | seconds power is 14 | number of threads is 16 | block size is 8,,,
elapsed time = 11.49 | seconds power is 15 | number of threads is 16 | block size is 8,,,
elapsed time = 11.87 | seconds power is 16 | number of threads is 16 | block size is 8,,,
elapsed time = 12.24 | seconds power is 2 | number of threads is 16 | block size is 16,,,
elapsed time = 12.63 | seconds power is 3 | number of threads is 16 | block size is 16,,,
elapsed time = 12.98 | seconds power is 4 | number of threads is 16 | block size is 16,,,
elapsed time = 13.38 | seconds power is 5 | number of threads is 16 | block size is 16,,,
elapsed time = 13.72 | seconds power is 6 | number of threads is 16 | block size is 16,,,
elapsed time = 14.10 | seconds power is 7 | number of threads is 16 | block size is 16,,,
elapsed time = 14.49 | seconds power is 8 | number of threads is 16 | block size is 16,,,
elapsed time = 14.87 | seconds power is 9 | number of threads is 16 | block size is 16,,,
elapsed time = 15.22 | seconds power is 10 | number of threads is 16 | block size is 16,,,
elapsed time = 15.59 | seconds power is 11 | number of threads is 16 | block size is 16,,,
elapsed time = 15.94 | seconds power is 12 | number of threads is 16 | block size is 16,,,
elapsed time = 16.32 | seconds power is 13 | number of threads is 16 | block size is 16,,,
elapsed time = 16.68 | seconds power is 14 | number of threads is 16 | block size is 16,,,
elapsed time = 17.04 | seconds power is 15 | number of threads is 16 | block size is 16,,,
elapsed time = 17.41 | seconds power is 16 | number of threads is 16 | block size is 16,,,
elapsed time = 17.79 | seconds power is 2 | number of threads is 16 | block size is 32,,,
elapsed time = 18.15 | seconds power is 3 | number of threads is 16 | block size is 32,,,
elapsed time = 18.52 | seconds power is 4 | number of threads is 16 | block size is 32,,,
elapsed time = 18.90 | seconds power is 5 | number of threads is 16 | block size is 32,,,
elapsed time = 19.26 | seconds power is 6 | number of threads is 16 | block size is 32,,,
elapsed time = 19.63 | seconds power is 7 | number of threads is 16 | block size is 32,,,
elapsed time = 20.02 | seconds power is 8 | number of threads is 16 | block size is 32,,,
elapsed time = 20.40 | seconds power is 9 | number of threads is 16 | block size is 32,,,
elapsed time = 20.74 | seconds power is 10 | number of threads is 16 | block size is 32,,,
elapsed time = 21.09 | seconds power is 11 | number of threads is 16 | block size is 32,,,
elapsed time = 21.44 | seconds power is 12 | number of threads is 16 | block size is 32,,,
elapsed time = 21.81 | seconds power is 13 | number of threads is 16 | block size is 32,,,
elapsed time = 22.19 | seconds power is 14 | number of threads is 16 | block size is 32,,,
elapsed time = 22.57 | seconds power is 15 | number of threads is 16 | block size is 32,,,
elapsed time = 22.92 | seconds power is 16 | number of threads is 16 | block size is 32,,,
elapsed time = 23.27 | seconds power is 2 | number of threads is 16 | block size is 64,,,
elapsed time = 23.62 | seconds power is 3 | number of threads is 16 | block size is 64,,,
elapsed time = 23.99 | seconds power is 4 | number of threads is 16 | block size is 64,,,
elapsed time = 24.36 | seconds power is 5 | number of threads is 16 | block size is 64,,,
elapsed time = 24.73 | seconds power is 6 | number of threads is 16 | block size is 64,,,
elapsed time = 25.10 | seconds power is 7 | number of threads is 16 | block size is 64,,,
elapsed time = 25.45 | seconds power is 8 | number of threads is 16 | block size is 64,,,
elapsed time = 25.82 | seconds power is 9 | number of threads is 16 | block size is 64,,,
elapsed time = 26.20 | seconds power is 10 | number of threads is 16 | block size is 64,,,
elapsed time = 26.57 | seconds power is 11 | number of threads is 16 | block size is 64,,,
elapsed time = 26.94 | seconds power is 12 | number of threads is 16 | block size is 64,,,
elapsed time = 27.31 | seconds power is 13 | number of threads is 16 | block size is 64,,,
elapsed time = 27.67 | seconds power is 14 | number of threads is 16 | block size is 64,,,
elapsed time = 28.03 | seconds power is 15 | number of threads is 16 | block size is 64,,,
elapsed time = 28.39 | seconds power is 16 | number of threads is 16 | block size is 64,,,
1024 16 thread done,,,
