2048x2048 bmm 2,,,
elapsed time,power,no of threads,
32.99,2,1, block size is 4
66.5,3,1, block size is 4
98.63,4,1, block size is 4
130.51,5,1, block size is 4
162.46,6,1, block size is 4
194.11,7,1, block size is 4
226.18,8,1, block size is 4
257.96,9,1, block size is 4
289.93,10,1, block size is 4
321.86,11,1, block size is 4
353.79,12,1, block size is 4
385.55,13,1, block size is 4
417.58,14,1, block size is 4
449.39,15,1, block size is 4
481.12,16,1, block size is 4
502.89,2,1, block size is 8
524.67,3,1, block size is 8
546.47,4,1, block size is 8
568.28,5,1, block size is 8
590.06,6,1, block size is 8
611.84,7,1, block size is 8
633.65,8,1, block size is 8
655.42,9,1, block size is 8
677.2,10,1, block size is 8
698.99,11,1, block size is 8
720.81,12,1, block size is 8
742.61,13,1, block size is 8
764.4,14,1, block size is 8
786.2,15,1, block size is 8
807.98,16,1, block size is 8
828.34,2,1, block size is 16
848.71,3,1, block size is 16
869.08,4,1, block size is 16
889.45,5,1, block size is 16
909.83,6,1, block size is 16
930.2,7,1, block size is 16
950.57,8,1, block size is 16
970.95,9,1, block size is 16
991.35,10,1, block size is 16
1011.71,11,1, block size is 16
1032.11,12,1, block size is 16
1052.49,13,1, block size is 16
1072.87,14,1, block size is 16
1093.23,15,1, block size is 16
1113.6,16,1, block size is 16
1133.94,2,1, block size is 32
1154.28,3,1, block size is 32
1174.62,4,1, block size is 32
1194.96,5,1, block size is 32
1215.34,6,1, block size is 32
1235.68,7,1, block size is 32
1256.03,8,1, block size is 32
1276.37,9,1, block size is 32
1296.71,10,1, block size is 32
1317.05,11,1, block size is 32
1337.4,12,1, block size is 32
1357.74,13,1, block size is 32
1378.1,14,1, block size is 32
1398.44,15,1, block size is 32
1418.78,16,1, block size is 32
1438.66,2,1, block size is 64
1458.54,3,1, block size is 64
1478.41,4,1, block size is 64
1498.28,5,1, block size is 64
1518.15,6,1, block size is 64
1538.01,7,1, block size is 64
1557.88,8,1, block size is 64
1577.74,9,1, block size is 64
1597.62,10,1, block size is 64
1617.48,11,1, block size is 64
1637.34,12,1, block size is 64
1657.21,13,1, block size is 64
1677.07,14,1, block size is 64
1696.93,15,1, block size is 64
1716.79,16,1, block size is 64
2048 1 thread done,,,
17.47,2,2, block size is 4
35.5,3,2, block size is 4
53.53,4,2, block size is 4
71.56,5,2, block size is 4
89.57,6,2, block size is 4
106.81,7,2, block size is 4
123.9,8,2, block size is 4
140.99,9,2, block size is 4
158.08,10,2, block size is 4
175.16,11,2, block size is 4
192.26,12,2, block size is 4
209.34,13,2, block size is 4
226.43,14,2, block size is 4
243.51,15,2, block size is 4
260.59,16,2, block size is 4
270.98,2,2, block size is 8
281.38,3,2, block size is 8
291.77,4,2, block size is 8
302.16,5,2, block size is 8
312.56,6,2, block size is 8
322.95,7,2, block size is 8
333.35,8,2, block size is 8
343.74,9,2, block size is 8
354.12,10,2, block size is 8
364.51,11,2, block size is 8
374.91,12,2, block size is 8
385.3,13,2, block size is 8
395.69,14,2, block size is 8
406.08,15,2, block size is 8
416.48,16,2, block size is 8
426.37,2,2, block size is 16
436.25,3,2, block size is 16
446.14,4,2, block size is 16
456.02,5,2, block size is 16
465.91,6,2, block size is 16
475.79,7,2, block size is 16
485.67,8,2, block size is 16
495.56,9,2, block size is 16
505.45,10,2, block size is 16
515.33,11,2, block size is 16
525.22,12,2, block size is 16
535.11,13,2, block size is 16
545.01,14,2, block size is 16
554.93,15,2, block size is 16
564.83,16,2, block size is 16
574.97,2,2, block size is 32
585.13,3,2, block size is 32
595.29,4,2, block size is 32
605.44,5,2, block size is 32
615.61,6,2, block size is 32
625.76,7,2, block size is 32
635.89,8,2, block size is 32
646.04,9,2, block size is 32
656.18,10,2, block size is 32
666.32,11,2, block size is 32
676.48,12,2, block size is 32
686.62,13,2, block size is 32
696.76,14,2, block size is 32
706.93,15,2, block size is 32
717.09,16,2, block size is 32
727.01,2,2, block size is 64
736.92,3,2, block size is 64
746.84,4,2, block size is 64
756.75,5,2, block size is 64
766.67,6,2, block size is 64
776.59,7,2, block size is 64
786.51,8,2, block size is 64
796.43,9,2, block size is 64
elapsed time = 806.34 | seconds power is 10 | number of threads is 2 | block size is 64,,,
elapsed time = 816.26 | seconds power is 11 | number of threads is 2 | block size is 64,,,
elapsed time = 826.19 | seconds power is 12 | number of threads is 2 | block size is 64,,,
elapsed time = 836.14 | seconds power is 13 | number of threads is 2 | block size is 64,,,
elapsed time = 846.07 | seconds power is 14 | number of threads is 2 | block size is 64,,,
elapsed time = 855.99 | seconds power is 15 | number of threads is 2 | block size is 64,,,
elapsed time = 865.94 | seconds power is 16 | number of threads is 2 | block size is 64,,,
2048 2 thread done,,,
elapsed time = 8.56 | seconds power is 2 | number of threads is 4 | block size is 4,,,
elapsed time = 17.10 | seconds power is 3 | number of threads is 4 | block size is 4,,,
elapsed time = 25.63 | seconds power is 4 | number of threads is 4 | block size is 4,,,
elapsed time = 34.16 | seconds power is 5 | number of threads is 4 | block size is 4,,,
elapsed time = 42.68 | seconds power is 6 | number of threads is 4 | block size is 4,,,
elapsed time = 51.21 | seconds power is 7 | number of threads is 4 | block size is 4,,,
elapsed time = 59.74 | seconds power is 8 | number of threads is 4 | block size is 4,,,
elapsed time = 68.27 | seconds power is 9 | number of threads is 4 | block size is 4,,,
elapsed time = 76.83 | seconds power is 10 | number of threads is 4 | block size is 4,,,
elapsed time = 85.39 | seconds power is 11 | number of threads is 4 | block size is 4,,,
elapsed time = 93.94 | seconds power is 12 | number of threads is 4 | block size is 4,,,
elapsed time = 102.50 | seconds power is 13 | number of threads is 4 | block size is 4,,,
elapsed time = 111.06 | seconds power is 14 | number of threads is 4 | block size is 4,,,
elapsed time = 119.62 | seconds power is 15 | number of threads is 4 | block size is 4,,,
elapsed time = 128.16 | seconds power is 16 | number of threads is 4 | block size is 4,,,
elapsed time = 133.63 | seconds power is 2 | number of threads is 4 | block size is 8,,,
elapsed time = 139.11 | seconds power is 3 | number of threads is 4 | block size is 8,,,
elapsed time = 144.64 | seconds power is 4 | number of threads is 4 | block size is 8,,,
elapsed time = 150.16 | seconds power is 5 | number of threads is 4 | block size is 8,,,
elapsed time = 155.76 | seconds power is 6 | number of threads is 4 | block size is 8,,,
elapsed time = 161.48 | seconds power is 7 | number of threads is 4 | block size is 8,,,
elapsed time = 167.21 | seconds power is 8 | number of threads is 4 | block size is 8,,,
elapsed time = 172.93 | seconds power is 9 | number of threads is 4 | block size is 8,,,
elapsed time = 178.65 | seconds power is 10 | number of threads is 4 | block size is 8,,,
elapsed time = 184.38 | seconds power is 11 | number of threads is 4 | block size is 8,,,
elapsed time = 189.84 | seconds power is 12 | number of threads is 4 | block size is 8,,,
elapsed time = 195.29 | seconds power is 13 | number of threads is 4 | block size is 8,,,
elapsed time = 200.75 | seconds power is 14 | number of threads is 4 | block size is 8,,,
elapsed time = 206.20 | seconds power is 15 | number of threads is 4 | block size is 8,,,
elapsed time = 211.65 | seconds power is 16 | number of threads is 4 | block size is 8,,,
elapsed time = 216.97 | seconds power is 2 | number of threads is 4 | block size is 16,,,
elapsed time = 222.29 | seconds power is 3 | number of threads is 4 | block size is 16,,,
elapsed time = 227.61 | seconds power is 4 | number of threads is 4 | block size is 16,,,
elapsed time = 232.92 | seconds power is 5 | number of threads is 4 | block size is 16,,,
elapsed time = 238.23 | seconds power is 6 | number of threads is 4 | block size is 16,,,
elapsed time = 243.55 | seconds power is 7 | number of threads is 4 | block size is 16,,,
elapsed time = 248.87 | seconds power is 8 | number of threads is 4 | block size is 16,,,
elapsed time = 254.20 | seconds power is 9 | number of threads is 4 | block size is 16,,,
elapsed time = 259.55 | seconds power is 10 | number of threads is 4 | block size is 16,,,
elapsed time = 264.96 | seconds power is 11 | number of threads is 4 | block size is 16,,,
elapsed time = 270.26 | seconds power is 12 | number of threads is 4 | block size is 16,,,
elapsed time = 275.65 | seconds power is 13 | number of threads is 4 | block size is 16,,,
elapsed time = 281.03 | seconds power is 14 | number of threads is 4 | block size is 16,,,
elapsed time = 286.33 | seconds power is 15 | number of threads is 4 | block size is 16,,,
elapsed time = 291.64 | seconds power is 16 | number of threads is 4 | block size is 16,,,
elapsed time = 297.05 | seconds power is 2 | number of threads is 4 | block size is 32,,,
elapsed time = 302.47 | seconds power is 3 | number of threads is 4 | block size is 32,,,
elapsed time = 307.88 | seconds power is 4 | number of threads is 4 | block size is 32,,,
elapsed time = 313.30 | seconds power is 5 | number of threads is 4 | block size is 32,,,
elapsed time = 318.71 | seconds power is 6 | number of threads is 4 | block size is 32,,,
elapsed time = 324.12 | seconds power is 7 | number of threads is 4 | block size is 32,,,
elapsed time = 329.52 | seconds power is 8 | number of threads is 4 | block size is 32,,,
elapsed time = 334.94 | seconds power is 9 | number of threads is 4 | block size is 32,,,
elapsed time = 340.37 | seconds power is 10 | number of threads is 4 | block size is 32,,,
elapsed time = 345.78 | seconds power is 11 | number of threads is 4 | block size is 32,,,
elapsed time = 351.18 | seconds power is 12 | number of threads is 4 | block size is 32,,,
elapsed time = 356.59 | seconds power is 13 | number of threads is 4 | block size is 32,,,
elapsed time = 362.00 | seconds power is 14 | number of threads is 4 | block size is 32,,,
elapsed time = 367.40 | seconds power is 15 | number of threads is 4 | block size is 32,,,
elapsed time = 372.81 | seconds power is 16 | number of threads is 4 | block size is 32,,,
elapsed time = 378.08 | seconds power is 2 | number of threads is 4 | block size is 64,,,
elapsed time = 383.35 | seconds power is 3 | number of threads is 4 | block size is 64,,,
elapsed time = 388.62 | seconds power is 4 | number of threads is 4 | block size is 64,,,
elapsed time = 393.89 | seconds power is 5 | number of threads is 4 | block size is 64,,,
elapsed time = 399.16 | seconds power is 6 | number of threads is 4 | block size is 64,,,
elapsed time = 404.43 | seconds power is 7 | number of threads is 4 | block size is 64,,,
elapsed time = 409.70 | seconds power is 8 | number of threads is 4 | block size is 64,,,
elapsed time = 414.98 | seconds power is 9 | number of threads is 4 | block size is 64,,,
elapsed time = 420.25 | seconds power is 10 | number of threads is 4 | block size is 64,,,
elapsed time = 425.52 | seconds power is 11 | number of threads is 4 | block size is 64,,,
elapsed time = 430.80 | seconds power is 12 | number of threads is 4 | block size is 64,,,
elapsed time = 436.07 | seconds power is 13 | number of threads is 4 | block size is 64,,,
elapsed time = 441.34 | seconds power is 14 | number of threads is 4 | block size is 64,,,
elapsed time = 446.60 | seconds power is 15 | number of threads is 4 | block size is 64,,,
elapsed time = 451.86 | seconds power is 16 | number of threads is 4 | block size is 64,,,
2048 4 thread done,,,
elapsed time = 5.94 | seconds power is 2 | number of threads is 6 | block size is 4,,,
elapsed time = 11.96 | seconds power is 3 | number of threads is 6 | block size is 4,,,
elapsed time = 17.90 | seconds power is 4 | number of threads is 6 | block size is 4,,,
elapsed time = 23.84 | seconds power is 5 | number of threads is 6 | block size is 4,,,
elapsed time = 29.80 | seconds power is 6 | number of threads is 6 | block size is 4,,,
elapsed time = 35.78 | seconds power is 7 | number of threads is 6 | block size is 4,,,
elapsed time = 41.72 | seconds power is 8 | number of threads is 6 | block size is 4,,,
elapsed time = 47.72 | seconds power is 9 | number of threads is 6 | block size is 4,,,
elapsed time = 53.69 | seconds power is 10 | number of threads is 6 | block size is 4,,,
elapsed time = 59.67 | seconds power is 11 | number of threads is 6 | block size is 4,,,
elapsed time = 65.66 | seconds power is 12 | number of threads is 6 | block size is 4,,,
elapsed time = 71.68 | seconds power is 13 | number of threads is 6 | block size is 4,,,
elapsed time = 77.66 | seconds power is 14 | number of threads is 6 | block size is 4,,,
elapsed time = 83.67 | seconds power is 15 | number of threads is 6 | block size is 4,,,
elapsed time = 89.67 | seconds power is 16 | number of threads is 6 | block size is 4,,,
elapsed time = 93.83 | seconds power is 2 | number of threads is 6 | block size is 8,,,
elapsed time = 98.00 | seconds power is 3 | number of threads is 6 | block size is 8,,,
elapsed time = 102.27 | seconds power is 4 | number of threads is 6 | block size is 8,,,
elapsed time = 106.44 | seconds power is 5 | number of threads is 6 | block size is 8,,,
elapsed time = 110.71 | seconds power is 6 | number of threads is 6 | block size is 8,,,
elapsed time = 114.89 | seconds power is 7 | number of threads is 6 | block size is 8,,,
elapsed time = 119.08 | seconds power is 8 | number of threads is 6 | block size is 8,,,
elapsed time = 123.27 | seconds power is 9 | number of threads is 6 | block size is 8,,,
elapsed time = 127.46 | seconds power is 10 | number of threads is 6 | block size is 8,,,
elapsed time = 131.68 | seconds power is 11 | number of threads is 6 | block size is 8,,,
elapsed time = 135.94 | seconds power is 12 | number of threads is 6 | block size is 8,,,
elapsed time = 140.30 | seconds power is 13 | number of threads is 6 | block size is 8,,,
elapsed time = 144.68 | seconds power is 14 | number of threads is 6 | block size is 8,,,
elapsed time = 148.83 | seconds power is 15 | number of threads is 6 | block size is 8,,,
elapsed time = 153.00 | seconds power is 16 | number of threads is 6 | block size is 8,,,
elapsed time = 157.16 | seconds power is 2 | number of threads is 6 | block size is 16,,,
elapsed time = 161.31 | seconds power is 3 | number of threads is 6 | block size is 16,,,
elapsed time = 165.48 | seconds power is 4 | number of threads is 6 | block size is 16,,,
elapsed time = 169.63 | seconds power is 5 | number of threads is 6 | block size is 16,,,
elapsed time = 173.77 | seconds power is 6 | number of threads is 6 | block size is 16,,,
elapsed time = 177.91 | seconds power is 7 | number of threads is 6 | block size is 16,,,
elapsed time = 182.04 | seconds power is 8 | number of threads is 6 | block size is 16,,,
elapsed time = 186.17 | seconds power is 9 | number of threads is 6 | block size is 16,,,
elapsed time = 190.31 | seconds power is 10 | number of threads is 6 | block size is 16,,,
elapsed time = 194.48 | seconds power is 11 | number of threads is 6 | block size is 16,,,
elapsed time = 198.62 | seconds power is 12 | number of threads is 6 | block size is 16,,,
elapsed time = 202.76 | seconds power is 13 | number of threads is 6 | block size is 16,,,
elapsed time = 206.91 | seconds power is 14 | number of threads is 6 | block size is 16,,,
elapsed time = 211.05 | seconds power is 15 | number of threads is 6 | block size is 16,,,
elapsed time = 215.19 | seconds power is 16 | number of threads is 6 | block size is 16,,,
elapsed time = 219.39 | seconds power is 2 | number of threads is 6 | block size is 32,,,
elapsed time = 223.59 | seconds power is 3 | number of threads is 6 | block size is 32,,,
elapsed time = 227.80 | seconds power is 4 | number of threads is 6 | block size is 32,,,
elapsed time = 232.03 | seconds power is 5 | number of threads is 6 | block size is 32,,,
elapsed time = 236.24 | seconds power is 6 | number of threads is 6 | block size is 32,,,
elapsed time = 240.46 | seconds power is 7 | number of threads is 6 | block size is 32,,,
elapsed time = 244.68 | seconds power is 8 | number of threads is 6 | block size is 32,,,
elapsed time = 248.90 | seconds power is 9 | number of threads is 6 | block size is 32,,,
elapsed time = 253.11 | seconds power is 10 | number of threads is 6 | block size is 32,,,
elapsed time = 257.32 | seconds power is 11 | number of threads is 6 | block size is 32,,,
elapsed time = 261.52 | seconds power is 12 | number of threads is 6 | block size is 32,,,
elapsed time = 265.78 | seconds power is 13 | number of threads is 6 | block size is 32,,,
elapsed time = 270.03 | seconds power is 14 | number of threads is 6 | block size is 32,,,
elapsed time = 274.22 | seconds power is 15 | number of threads is 6 | block size is 32,,,
elapsed time = 278.41 | seconds power is 16 | number of threads is 6 | block size is 32,,,
elapsed time = 282.79 | seconds power is 2 | number of threads is 6 | block size is 64,,,
elapsed time = 287.25 | seconds power is 3 | number of threads is 6 | block size is 64,,,
elapsed time = 291.65 | seconds power is 4 | number of threads is 6 | block size is 64,,,
elapsed time = 295.97 | seconds power is 5 | number of threads is 6 | block size is 64,,,
elapsed time = 300.46 | seconds power is 6 | number of threads is 6 | block size is 64,,,
elapsed time = 304.90 | seconds power is 7 | number of threads is 6 | block size is 64,,,
elapsed time = 309.35 | seconds power is 8 | number of threads is 6 | block size is 64,,,
elapsed time = 313.75 | seconds power is 9 | number of threads is 6 | block size is 64,,,
elapsed time = 318.20 | seconds power is 10 | number of threads is 6 | block size is 64,,,
elapsed time = 322.68 | seconds power is 11 | number of threads is 6 | block size is 64,,,
elapsed time = 327.00 | seconds power is 12 | number of threads is 6 | block size is 64,,,
elapsed time = 331.48 | seconds power is 13 | number of threads is 6 | block size is 64,,,
elapsed time = 335.96 | seconds power is 14 | number of threads is 6 | block size is 64,,,
elapsed time = 340.44 | seconds power is 15 | number of threads is 6 | block size is 64,,,
elapsed time = 344.88 | seconds power is 16 | number of threads is 6 | block size is 64,,,
2048 6 thread done,,,
elapsed time = 5.04 | seconds power is 2 | number of threads is 8 | block size is 4,,,
elapsed time = 9.93 | seconds power is 3 | number of threads is 8 | block size is 4,,,
elapsed time = 14.81 | seconds power is 4 | number of threads is 8 | block size is 4,,,
elapsed time = 19.69 | seconds power is 5 | number of threads is 8 | block size is 4,,,
elapsed time = 24.58 | seconds power is 6 | number of threads is 8 | block size is 4,,,
elapsed time = 29.47 | seconds power is 7 | number of threads is 8 | block size is 4,,,
elapsed time = 34.35 | seconds power is 8 | number of threads is 8 | block size is 4,,,
elapsed time = 39.22 | seconds power is 9 | number of threads is 8 | block size is 4,,,
elapsed time = 44.10 | seconds power is 10 | number of threads is 8 | block size is 4,,,
elapsed time = 48.98 | seconds power is 11 | number of threads is 8 | block size is 4,,,
elapsed time = 53.86 | seconds power is 12 | number of threads is 8 | block size is 4,,,
elapsed time = 58.76 | seconds power is 13 | number of threads is 8 | block size is 4,,,
elapsed time = 63.65 | seconds power is 14 | number of threads is 8 | block size is 4,,,
elapsed time = 68.54 | seconds power is 15 | number of threads is 8 | block size is 4,,,
elapsed time = 73.43 | seconds power is 16 | number of threads is 8 | block size is 4,,,
elapsed time = 76.88 | seconds power is 2 | number of threads is 8 | block size is 8,,,
elapsed time = 80.33 | seconds power is 3 | number of threads is 8 | block size is 8,,,
elapsed time = 83.77 | seconds power is 4 | number of threads is 8 | block size is 8,,,
elapsed time = 87.22 | seconds power is 5 | number of threads is 8 | block size is 8,,,
elapsed time = 90.60 | seconds power is 6 | number of threads is 8 | block size is 8,,,
elapsed time = 94.06 | seconds power is 7 | number of threads is 8 | block size is 8,,,
elapsed time = 97.47 | seconds power is 8 | number of threads is 8 | block size is 8,,,
elapsed time = 100.92 | seconds power is 9 | number of threads is 8 | block size is 8,,,
elapsed time = 104.36 | seconds power is 10 | number of threads is 8 | block size is 8,,,
elapsed time = 107.81 | seconds power is 11 | number of threads is 8 | block size is 8,,,
elapsed time = 111.25 | seconds power is 12 | number of threads is 8 | block size is 8,,,
elapsed time = 114.66 | seconds power is 13 | number of threads is 8 | block size is 8,,,
elapsed time = 118.11 | seconds power is 14 | number of threads is 8 | block size is 8,,,
elapsed time = 121.50 | seconds power is 15 | number of threads is 8 | block size is 8,,,
elapsed time = 124.92 | seconds power is 16 | number of threads is 8 | block size is 8,,,
elapsed time = 128.23 | seconds power is 2 | number of threads is 8 | block size is 16,,,
elapsed time = 131.57 | seconds power is 3 | number of threads is 8 | block size is 16,,,
elapsed time = 134.89 | seconds power is 4 | number of threads is 8 | block size is 16,,,
elapsed time = 138.22 | seconds power is 5 | number of threads is 8 | block size is 16,,,
elapsed time = 141.58 | seconds power is 6 | number of threads is 8 | block size is 16,,,
elapsed time = 144.91 | seconds power is 7 | number of threads is 8 | block size is 16,,,
elapsed time = 148.23 | seconds power is 8 | number of threads is 8 | block size is 16,,,
elapsed time = 151.54 | seconds power is 9 | number of threads is 8 | block size is 16,,,
elapsed time = 154.85 | seconds power is 10 | number of threads is 8 | block size is 16,,,
elapsed time = 158.16 | seconds power is 11 | number of threads is 8 | block size is 16,,,
elapsed time = 161.47 | seconds power is 12 | number of threads is 8 | block size is 16,,,
elapsed time = 164.78 | seconds power is 13 | number of threads is 8 | block size is 16,,,
elapsed time = 168.09 | seconds power is 14 | number of threads is 8 | block size is 16,,,
elapsed time = 171.40 | seconds power is 15 | number of threads is 8 | block size is 16,,,
elapsed time = 174.71 | seconds power is 16 | number of threads is 8 | block size is 16,,,
elapsed time = 178.07 | seconds power is 2 | number of threads is 8 | block size is 32,,,
elapsed time = 181.43 | seconds power is 3 | number of threads is 8 | block size is 32,,,
elapsed time = 184.79 | seconds power is 4 | number of threads is 8 | block size is 32,,,
elapsed time = 188.16 | seconds power is 5 | number of threads is 8 | block size is 32,,,
elapsed time = 191.53 | seconds power is 6 | number of threads is 8 | block size is 32,,,
elapsed time = 194.90 | seconds power is 7 | number of threads is 8 | block size is 32,,,
elapsed time = 198.26 | seconds power is 8 | number of threads is 8 | block size is 32,,,
elapsed time = 201.63 | seconds power is 9 | number of threads is 8 | block size is 32,,,
elapsed time = 205.00 | seconds power is 10 | number of threads is 8 | block size is 32,,,
elapsed time = 208.36 | seconds power is 11 | number of threads is 8 | block size is 32,,,
elapsed time = 211.73 | seconds power is 12 | number of threads is 8 | block size is 32,,,
elapsed time = 215.09 | seconds power is 13 | number of threads is 8 | block size is 32,,,
elapsed time = 218.47 | seconds power is 14 | number of threads is 8 | block size is 32,,,
elapsed time = 221.83 | seconds power is 15 | number of threads is 8 | block size is 32,,,
elapsed time = 225.18 | seconds power is 16 | number of threads is 8 | block size is 32,,,
elapsed time = 228.45 | seconds power is 2 | number of threads is 8 | block size is 64,,,
elapsed time = 231.74 | seconds power is 3 | number of threads is 8 | block size is 64,,,
elapsed time = 235.03 | seconds power is 4 | number of threads is 8 | block size is 64,,,
elapsed time = 238.31 | seconds power is 5 | number of threads is 8 | block size is 64,,,
elapsed time = 241.59 | seconds power is 6 | number of threads is 8 | block size is 64,,,
elapsed time = 244.85 | seconds power is 7 | number of threads is 8 | block size is 64,,,
elapsed time = 248.13 | seconds power is 8 | number of threads is 8 | block size is 64,,,
elapsed time = 251.38 | seconds power is 9 | number of threads is 8 | block size is 64,,,
elapsed time = 254.66 | seconds power is 10 | number of threads is 8 | block size is 64,,,
elapsed time = 257.93 | seconds power is 11 | number of threads is 8 | block size is 64,,,
elapsed time = 261.21 | seconds power is 12 | number of threads is 8 | block size is 64,,,
elapsed time = 264.49 | seconds power is 13 | number of threads is 8 | block size is 64,,,
elapsed time = 267.75 | seconds power is 14 | number of threads is 8 | block size is 64,,,
elapsed time = 271.04 | seconds power is 15 | number of threads is 8 | block size is 64,,,
elapsed time = 274.30 | seconds power is 16 | number of threads is 8 | block size is 64,,,
2048 8 thread done,,,
elapsed time = 4.60 | seconds power is 2 | number of threads is 10 | block size is 4,,,
elapsed time = 9.14 | seconds power is 3 | number of threads is 10 | block size is 4,,,
elapsed time = 13.80 | seconds power is 4 | number of threads is 10 | block size is 4,,,
elapsed time = 18.29 | seconds power is 5 | number of threads is 10 | block size is 4,,,
elapsed time = 22.79 | seconds power is 6 | number of threads is 10 | block size is 4,,,
elapsed time = 27.40 | seconds power is 7 | number of threads is 10 | block size is 4,,,
elapsed time = 31.91 | seconds power is 8 | number of threads is 10 | block size is 4,,,
elapsed time = 36.52 | seconds power is 9 | number of threads is 10 | block size is 4,,,
elapsed time = 41.16 | seconds power is 10 | number of threads is 10 | block size is 4,,,
elapsed time = 45.75 | seconds power is 11 | number of threads is 10 | block size is 4,,,
elapsed time = 50.39 | seconds power is 12 | number of threads is 10 | block size is 4,,,
elapsed time = 54.97 | seconds power is 13 | number of threads is 10 | block size is 4,,,
elapsed time = 59.60 | seconds power is 14 | number of threads is 10 | block size is 4,,,
elapsed time = 64.17 | seconds power is 15 | number of threads is 10 | block size is 4,,,
elapsed time = 68.69 | seconds power is 16 | number of threads is 10 | block size is 4,,,
elapsed time = 72.28 | seconds power is 2 | number of threads is 10 | block size is 8,,,
elapsed time = 75.81 | seconds power is 3 | number of threads is 10 | block size is 8,,,
elapsed time = 79.53 | seconds power is 4 | number of threads is 10 | block size is 8,,,
elapsed time = 83.13 | seconds power is 5 | number of threads is 10 | block size is 8,,,
elapsed time = 86.82 | seconds power is 6 | number of threads is 10 | block size is 8,,,
elapsed time = 90.58 | seconds power is 7 | number of threads is 10 | block size is 8,,,
elapsed time = 94.11 | seconds power is 8 | number of threads is 10 | block size is 8,,,
elapsed time = 97.84 | seconds power is 9 | number of threads is 10 | block size is 8,,,
elapsed time = 101.55 | seconds power is 10 | number of threads is 10 | block size is 8,,,
elapsed time = 105.08 | seconds power is 11 | number of threads is 10 | block size is 8,,,
elapsed time = 108.81 | seconds power is 12 | number of threads is 10 | block size is 8,,,
elapsed time = 112.57 | seconds power is 13 | number of threads is 10 | block size is 8,,,
elapsed time = 116.15 | seconds power is 14 | number of threads is 10 | block size is 8,,,
elapsed time = 119.66 | seconds power is 15 | number of threads is 10 | block size is 8,,,
elapsed time = 123.39 | seconds power is 16 | number of threads is 10 | block size is 8,,,
elapsed time = 126.73 | seconds power is 2 | number of threads is 10 | block size is 16,,,
elapsed time = 130.18 | seconds power is 3 | number of threads is 10 | block size is 16,,,
elapsed time = 133.53 | seconds power is 4 | number of threads is 10 | block size is 16,,,
elapsed time = 136.88 | seconds power is 5 | number of threads is 10 | block size is 16,,,
elapsed time = 140.41 | seconds power is 6 | number of threads is 10 | block size is 16,,,
elapsed time = 143.75 | seconds power is 7 | number of threads is 10 | block size is 16,,,
elapsed time = 147.27 | seconds power is 8 | number of threads is 10 | block size is 16,,,
elapsed time = 150.69 | seconds power is 9 | number of threads is 10 | block size is 16,,,
elapsed time = 154.03 | seconds power is 10 | number of threads is 10 | block size is 16,,,
elapsed time = 157.39 | seconds power is 11 | number of threads is 10 | block size is 16,,,
elapsed time = 160.75 | seconds power is 12 | number of threads is 10 | block size is 16,,,
elapsed time = 164.20 | seconds power is 13 | number of threads is 10 | block size is 16,,,
elapsed time = 167.53 | seconds power is 14 | number of threads is 10 | block size is 16,,,
elapsed time = 170.86 | seconds power is 15 | number of threads is 10 | block size is 16,,,
elapsed time = 174.40 | seconds power is 16 | number of threads is 10 | block size is 16,,,
elapsed time = 177.86 | seconds power is 2 | number of threads is 10 | block size is 32,,,
elapsed time = 181.24 | seconds power is 3 | number of threads is 10 | block size is 32,,,
elapsed time = 184.71 | seconds power is 4 | number of threads is 10 | block size is 32,,,
elapsed time = 188.14 | seconds power is 5 | number of threads is 10 | block size is 32,,,
elapsed time = 191.77 | seconds power is 6 | number of threads is 10 | block size is 32,,,
elapsed time = 195.19 | seconds power is 7 | number of threads is 10 | block size is 32,,,
elapsed time = 198.64 | seconds power is 8 | number of threads is 10 | block size is 32,,,
elapsed time = 202.05 | seconds power is 9 | number of threads is 10 | block size is 32,,,
elapsed time = 205.67 | seconds power is 10 | number of threads is 10 | block size is 32,,,
elapsed time = 209.02 | seconds power is 11 | number of threads is 10 | block size is 32,,,
elapsed time = 212.49 | seconds power is 12 | number of threads is 10 | block size is 32,,,
elapsed time = 215.93 | seconds power is 13 | number of threads is 10 | block size is 32,,,
elapsed time = 219.41 | seconds power is 14 | number of threads is 10 | block size is 32,,,
elapsed time = 222.84 | seconds power is 15 | number of threads is 10 | block size is 32,,,
elapsed time = 226.27 | seconds power is 16 | number of threads is 10 | block size is 32,,,
elapsed time = 229.81 | seconds power is 2 | number of threads is 10 | block size is 64,,,
elapsed time = 233.03 | seconds power is 3 | number of threads is 10 | block size is 64,,,
elapsed time = 236.37 | seconds power is 4 | number of threads is 10 | block size is 64,,,
elapsed time = 240.15 | seconds power is 5 | number of threads is 10 | block size is 64,,,
elapsed time = 244.11 | seconds power is 6 | number of threads is 10 | block size is 64,,,
elapsed time = 247.24 | seconds power is 7 | number of threads is 10 | block size is 64,,,
elapsed time = 250.61 | seconds power is 8 | number of threads is 10 | block size is 64,,,
elapsed time = 253.84 | seconds power is 9 | number of threads is 10 | block size is 64,,,
elapsed time = 257.09 | seconds power is 10 | number of threads is 10 | block size is 64,,,
elapsed time = 260.32 | seconds power is 11 | number of threads is 10 | block size is 64,,,
elapsed time = 263.76 | seconds power is 12 | number of threads is 10 | block size is 64,,,
elapsed time = 266.96 | seconds power is 13 | number of threads is 10 | block size is 64,,,
elapsed time = 270.24 | seconds power is 14 | number of threads is 10 | block size is 64,,,
elapsed time = 273.48 | seconds power is 15 | number of threads is 10 | block size is 64,,,
elapsed time = 277.07 | seconds power is 16 | number of threads is 10 | block size is 64,,,
2048 10 thread done,,,
elapsed time = 3.82 | seconds power is 2 | number of threads is 12 | block size is 4,,,
elapsed time = 7.78 | seconds power is 3 | number of threads is 12 | block size is 4,,,
elapsed time = 11.69 | seconds power is 4 | number of threads is 12 | block size is 4,,,
elapsed time = 15.65 | seconds power is 5 | number of threads is 12 | block size is 4,,,
elapsed time = 19.56 | seconds power is 6 | number of threads is 12 | block size is 4,,,
elapsed time = 23.47 | seconds power is 7 | number of threads is 12 | block size is 4,,,
elapsed time = 27.40 | seconds power is 8 | number of threads is 12 | block size is 4,,,
elapsed time = 31.33 | seconds power is 9 | number of threads is 12 | block size is 4,,,
elapsed time = 35.27 | seconds power is 10 | number of threads is 12 | block size is 4,,,
elapsed time = 39.19 | seconds power is 11 | number of threads is 12 | block size is 4,,,
elapsed time = 43.10 | seconds power is 12 | number of threads is 12 | block size is 4,,,
elapsed time = 47.03 | seconds power is 13 | number of threads is 12 | block size is 4,,,
elapsed time = 50.94 | seconds power is 14 | number of threads is 12 | block size is 4,,,
elapsed time = 54.86 | seconds power is 15 | number of threads is 12 | block size is 4,,,
elapsed time = 58.80 | seconds power is 16 | number of threads is 12 | block size is 4,,,
elapsed time = 62.02 | seconds power is 2 | number of threads is 12 | block size is 8,,,
elapsed time = 65.15 | seconds power is 3 | number of threads is 12 | block size is 8,,,
elapsed time = 68.33 | seconds power is 4 | number of threads is 12 | block size is 8,,,
elapsed time = 71.46 | seconds power is 5 | number of threads is 12 | block size is 8,,,
elapsed time = 74.63 | seconds power is 6 | number of threads is 12 | block size is 8,,,
elapsed time = 77.74 | seconds power is 7 | number of threads is 12 | block size is 8,,,
elapsed time = 80.98 | seconds power is 8 | number of threads is 12 | block size is 8,,,
elapsed time = 84.05 | seconds power is 9 | number of threads is 12 | block size is 8,,,
elapsed time = 87.25 | seconds power is 10 | number of threads is 12 | block size is 8,,,
elapsed time = 90.39 | seconds power is 11 | number of threads is 12 | block size is 8,,,
elapsed time = 93.54 | seconds power is 12 | number of threads is 12 | block size is 8,,,
elapsed time = 96.70 | seconds power is 13 | number of threads is 12 | block size is 8,,,
elapsed time = 99.83 | seconds power is 14 | number of threads is 12 | block size is 8,,,
elapsed time = 103.07 | seconds power is 15 | number of threads is 12 | block size is 8,,,
elapsed time = 106.26 | seconds power is 16 | number of threads is 12 | block size is 8,,,
elapsed time = 109.27 | seconds power is 2 | number of threads is 12 | block size is 16,,,
elapsed time = 112.26 | seconds power is 3 | number of threads is 12 | block size is 16,,,
elapsed time = 115.27 | seconds power is 4 | number of threads is 12 | block size is 16,,,
elapsed time = 118.28 | seconds power is 5 | number of threads is 12 | block size is 16,,,
elapsed time = 121.25 | seconds power is 6 | number of threads is 12 | block size is 16,,,
elapsed time = 124.25 | seconds power is 7 | number of threads is 12 | block size is 16,,,
elapsed time = 127.27 | seconds power is 8 | number of threads is 12 | block size is 16,,,
elapsed time = 130.28 | seconds power is 9 | number of threads is 12 | block size is 16,,,
elapsed time = 133.26 | seconds power is 10 | number of threads is 12 | block size is 16,,,
elapsed time = 136.26 | seconds power is 11 | number of threads is 12 | block size is 16,,,
elapsed time = 139.27 | seconds power is 12 | number of threads is 12 | block size is 16,,,
elapsed time = 142.26 | seconds power is 13 | number of threads is 12 | block size is 16,,,
elapsed time = 145.28 | seconds power is 14 | number of threads is 12 | block size is 16,,,
elapsed time = 148.29 | seconds power is 15 | number of threads is 12 | block size is 16,,,
elapsed time = 151.32 | seconds power is 16 | number of threads is 12 | block size is 16,,,
elapsed time = 154.41 | seconds power is 2 | number of threads is 12 | block size is 32,,,
elapsed time = 157.49 | seconds power is 3 | number of threads is 12 | block size is 32,,,
elapsed time = 160.60 | seconds power is 4 | number of threads is 12 | block size is 32,,,
elapsed time = 163.67 | seconds power is 5 | number of threads is 12 | block size is 32,,,
elapsed time = 166.75 | seconds power is 6 | number of threads is 12 | block size is 32,,,
elapsed time = 169.82 | seconds power is 7 | number of threads is 12 | block size is 32,,,
elapsed time = 173.00 | seconds power is 8 | number of threads is 12 | block size is 32,,,
elapsed time = 176.11 | seconds power is 9 | number of threads is 12 | block size is 32,,,
elapsed time = 179.42 | seconds power is 10 | number of threads is 12 | block size is 32,,,
elapsed time = 182.48 | seconds power is 11 | number of threads is 12 | block size is 32,,,
elapsed time = 185.55 | seconds power is 12 | number of threads is 12 | block size is 32,,,
elapsed time = 188.39 | seconds power is 13 | number of threads is 12 | block size is 32,,,
elapsed time = 191.51 | seconds power is 14 | number of threads is 12 | block size is 32,,,
elapsed time = 194.58 | seconds power is 15 | number of threads is 12 | block size is 32,,,
elapsed time = 197.68 | seconds power is 16 | number of threads is 12 | block size is 32,,,
elapsed time = 200.88 | seconds power is 2 | number of threads is 12 | block size is 64,,,
elapsed time = 204.14 | seconds power is 3 | number of threads is 12 | block size is 64,,,
elapsed time = 207.30 | seconds power is 4 | number of threads is 12 | block size is 64,,,
elapsed time = 210.36 | seconds power is 5 | number of threads is 12 | block size is 64,,,
elapsed time = 213.42 | seconds power is 6 | number of threads is 12 | block size is 64,,,
elapsed time = 216.46 | seconds power is 7 | number of threads is 12 | block size is 64,,,
elapsed time = 219.52 | seconds power is 8 | number of threads is 12 | block size is 64,,,
elapsed time = 222.64 | seconds power is 9 | number of threads is 12 | block size is 64,,,
elapsed time = 225.72 | seconds power is 10 | number of threads is 12 | block size is 64,,,
elapsed time = 228.79 | seconds power is 11 | number of threads is 12 | block size is 64,,,
elapsed time = 231.83 | seconds power is 12 | number of threads is 12 | block size is 64,,,
elapsed time = 234.89 | seconds power is 13 | number of threads is 12 | block size is 64,,,
elapsed time = 238.00 | seconds power is 14 | number of threads is 12 | block size is 64,,,
elapsed time = 241.01 | seconds power is 15 | number of threads is 12 | block size is 64,,,
elapsed time = 244.12 | seconds power is 16 | number of threads is 12 | block size is 64,,,
2048 12 thread done,,,
elapsed time = 3.94 | seconds power is 2 | number of threads is 14 | block size is 4,,,
elapsed time = 7.93 | seconds power is 3 | number of threads is 14 | block size is 4,,,
elapsed time = 11.86 | seconds power is 4 | number of threads is 14 | block size is 4,,,
elapsed time = 15.77 | seconds power is 5 | number of threads is 14 | block size is 4,,,
elapsed time = 19.61 | seconds power is 6 | number of threads is 14 | block size is 4,,,
elapsed time = 23.54 | seconds power is 7 | number of threads is 14 | block size is 4,,,
elapsed time = 27.49 | seconds power is 8 | number of threads is 14 | block size is 4,,,
elapsed time = 31.30 | seconds power is 9 | number of threads is 14 | block size is 4,,,
elapsed time = 35.21 | seconds power is 10 | number of threads is 14 | block size is 4,,,
elapsed time = 39.16 | seconds power is 11 | number of threads is 14 | block size is 4,,,
elapsed time = 43.09 | seconds power is 12 | number of threads is 14 | block size is 4,,,
elapsed time = 47.13 | seconds power is 13 | number of threads is 14 | block size is 4,,,
elapsed time = 51.06 | seconds power is 14 | number of threads is 14 | block size is 4,,,
elapsed time = 55.04 | seconds power is 15 | number of threads is 14 | block size is 4,,,
elapsed time = 58.93 | seconds power is 16 | number of threads is 14 | block size is 4,,,
elapsed time = 62.13 | seconds power is 2 | number of threads is 14 | block size is 8,,,
elapsed time = 65.24 | seconds power is 3 | number of threads is 14 | block size is 8,,,
elapsed time = 68.29 | seconds power is 4 | number of threads is 14 | block size is 8,,,
elapsed time = 71.40 | seconds power is 5 | number of threads is 14 | block size is 8,,,
elapsed time = 74.47 | seconds power is 6 | number of threads is 14 | block size is 8,,,
elapsed time = 77.62 | seconds power is 7 | number of threads is 14 | block size is 8,,,
elapsed time = 80.66 | seconds power is 8 | number of threads is 14 | block size is 8,,,
elapsed time = 83.73 | seconds power is 9 | number of threads is 14 | block size is 8,,,
elapsed time = 86.81 | seconds power is 10 | number of threads is 14 | block size is 8,,,
elapsed time = 89.97 | seconds power is 11 | number of threads is 14 | block size is 8,,,
elapsed time = 93.08 | seconds power is 12 | number of threads is 14 | block size is 8,,,
elapsed time = 96.19 | seconds power is 13 | number of threads is 14 | block size is 8,,,
elapsed time = 99.30 | seconds power is 14 | number of threads is 14 | block size is 8,,,
elapsed time = 102.41 | seconds power is 15 | number of threads is 14 | block size is 8,,,
elapsed time = 105.56 | seconds power is 16 | number of threads is 14 | block size is 8,,,
elapsed time = 108.55 | seconds power is 2 | number of threads is 14 | block size is 16,,,
elapsed time = 111.67 | seconds power is 3 | number of threads is 14 | block size is 16,,,
elapsed time = 114.77 | seconds power is 4 | number of threads is 14 | block size is 16,,,
elapsed time = 117.87 | seconds power is 5 | number of threads is 14 | block size is 16,,,
elapsed time = 120.90 | seconds power is 6 | number of threads is 14 | block size is 16,,,
elapsed time = 124.08 | seconds power is 7 | number of threads is 14 | block size is 16,,,
elapsed time = 127.16 | seconds power is 8 | number of threads is 14 | block size is 16,,,
elapsed time = 130.28 | seconds power is 9 | number of threads is 14 | block size is 16,,,
elapsed time = 133.22 | seconds power is 10 | number of threads is 14 | block size is 16,,,
elapsed time = 136.27 | seconds power is 11 | number of threads is 14 | block size is 16,,,
elapsed time = 139.37 | seconds power is 12 | number of threads is 14 | block size is 16,,,
elapsed time = 142.34 | seconds power is 13 | number of threads is 14 | block size is 16,,,
elapsed time = 145.46 | seconds power is 14 | number of threads is 14 | block size is 16,,,
elapsed time = 148.44 | seconds power is 15 | number of threads is 14 | block size is 16,,,
elapsed time = 151.60 | seconds power is 16 | number of threads is 14 | block size is 16,,,
elapsed time = 154.69 | seconds power is 2 | number of threads is 14 | block size is 32,,,
elapsed time = 157.72 | seconds power is 3 | number of threads is 14 | block size is 32,,,
elapsed time = 160.85 | seconds power is 4 | number of threads is 14 | block size is 32,,,
elapsed time = 164.06 | seconds power is 5 | number of threads is 14 | block size is 32,,,
elapsed time = 167.23 | seconds power is 6 | number of threads is 14 | block size is 32,,,
elapsed time = 170.37 | seconds power is 7 | number of threads is 14 | block size is 32,,,
elapsed time = 173.42 | seconds power is 8 | number of threads is 14 | block size is 32,,,
elapsed time = 176.55 | seconds power is 9 | number of threads is 14 | block size is 32,,,
elapsed time = 179.64 | seconds power is 10 | number of threads is 14 | block size is 32,,,
elapsed time = 182.63 | seconds power is 11 | number of threads is 14 | block size is 32,,,
elapsed time = 185.68 | seconds power is 12 | number of threads is 14 | block size is 32,,,
elapsed time = 188.75 | seconds power is 13 | number of threads is 14 | block size is 32,,,
elapsed time = 191.91 | seconds power is 14 | number of threads is 14 | block size is 32,,,
elapsed time = 195.04 | seconds power is 15 | number of threads is 14 | block size is 32,,,
elapsed time = 198.10 | seconds power is 16 | number of threads is 14 | block size is 32,,,
elapsed time = 201.49 | seconds power is 2 | number of threads is 14 | block size is 64,,,
elapsed time = 204.68 | seconds power is 3 | number of threads is 14 | block size is 64,,,
elapsed time = 207.89 | seconds power is 4 | number of threads is 14 | block size is 64,,,
elapsed time = 211.15 | seconds power is 5 | number of threads is 14 | block size is 64,,,
elapsed time = 214.56 | seconds power is 6 | number of threads is 14 | block size is 64,,,
elapsed time = 217.81 | seconds power is 7 | number of threads is 14 | block size is 64,,,
elapsed time = 221.10 | seconds power is 8 | number of threads is 14 | block size is 64,,,
elapsed time = 224.52 | seconds power is 9 | number of threads is 14 | block size is 64,,,
elapsed time = 227.76 | seconds power is 10 | number of threads is 14 | block size is 64,,,
elapsed time = 231.01 | seconds power is 11 | number of threads is 14 | block size is 64,,,
elapsed time = 234.54 | seconds power is 12 | number of threads is 14 | block size is 64,,,
elapsed time = 237.72 | seconds power is 13 | number of threads is 14 | block size is 64,,,
elapsed time = 240.87 | seconds power is 14 | number of threads is 14 | block size is 64,,,
elapsed time = 244.19 | seconds power is 15 | number of threads is 14 | block size is 64,,,
elapsed time = 247.61 | seconds power is 16 | number of threads is 14 | block size is 64,,,
2048 14 thread done,,,
elapsed time = 3.73 | seconds power is 2 | number of threads is 16 | block size is 4,,,
elapsed time = 7.49 | seconds power is 3 | number of threads is 16 | block size is 4,,,
elapsed time = 11.26 | seconds power is 4 | number of threads is 16 | block size is 4,,,
elapsed time = 15.02 | seconds power is 5 | number of threads is 16 | block size is 4,,,
elapsed time = 18.79 | seconds power is 6 | number of threads is 16 | block size is 4,,,
elapsed time = 22.58 | seconds power is 7 | number of threads is 16 | block size is 4,,,
elapsed time = 26.30 | seconds power is 8 | number of threads is 16 | block size is 4,,,
elapsed time = 30.04 | seconds power is 9 | number of threads is 16 | block size is 4,,,
elapsed time = 33.82 | seconds power is 10 | number of threads is 16 | block size is 4,,,
elapsed time = 37.59 | seconds power is 11 | number of threads is 16 | block size is 4,,,
elapsed time = 41.36 | seconds power is 12 | number of threads is 16 | block size is 4,,,
elapsed time = 45.11 | seconds power is 13 | number of threads is 16 | block size is 4,,,
elapsed time = 48.89 | seconds power is 14 | number of threads is 16 | block size is 4,,,
elapsed time = 52.65 | seconds power is 15 | number of threads is 16 | block size is 4,,,
elapsed time = 56.46 | seconds power is 16 | number of threads is 16 | block size is 4,,,
elapsed time = 59.45 | seconds power is 2 | number of threads is 16 | block size is 8,,,
elapsed time = 62.39 | seconds power is 3 | number of threads is 16 | block size is 8,,,
elapsed time = 65.35 | seconds power is 4 | number of threads is 16 | block size is 8,,,
elapsed time = 68.40 | seconds power is 5 | number of threads is 16 | block size is 8,,,
elapsed time = 71.42 | seconds power is 6 | number of threads is 16 | block size is 8,,,
elapsed time = 74.39 | seconds power is 7 | number of threads is 16 | block size is 8,,,
elapsed time = 77.43 | seconds power is 8 | number of threads is 16 | block size is 8,,,
elapsed time = 80.45 | seconds power is 9 | number of threads is 16 | block size is 8,,,
elapsed time = 83.55 | seconds power is 10 | number of threads is 16 | block size is 8,,,
elapsed time = 86.54 | seconds power is 11 | number of threads is 16 | block size is 8,,,
elapsed time = 89.55 | seconds power is 12 | number of threads is 16 | block size is 8,,,
elapsed time = 92.55 | seconds power is 13 | number of threads is 16 | block size is 8,,,
elapsed time = 95.54 | seconds power is 14 | number of threads is 16 | block size is 8,,,
elapsed time = 98.49 | seconds power is 15 | number of threads is 16 | block size is 8,,,
elapsed time = 101.45 | seconds power is 16 | number of threads is 16 | block size is 8,,,
elapsed time = 104.35 | seconds power is 2 | number of threads is 16 | block size is 16,,,
elapsed time = 107.27 | seconds power is 3 | number of threads is 16 | block size is 16,,,
elapsed time = 110.19 | seconds power is 4 | number of threads is 16 | block size is 16,,,
elapsed time = 113.11 | seconds power is 5 | number of threads is 16 | block size is 16,,,
elapsed time = 116.00 | seconds power is 6 | number of threads is 16 | block size is 16,,,
elapsed time = 118.97 | seconds power is 7 | number of threads is 16 | block size is 16,,,
elapsed time = 121.87 | seconds power is 8 | number of threads is 16 | block size is 16,,,
elapsed time = 124.76 | seconds power is 9 | number of threads is 16 | block size is 16,,,
elapsed time = 127.73 | seconds power is 10 | number of threads is 16 | block size is 16,,,
elapsed time = 130.61 | seconds power is 11 | number of threads is 16 | block size is 16,,,
elapsed time = 133.50 | seconds power is 12 | number of threads is 16 | block size is 16,,,
elapsed time = 136.38 | seconds power is 13 | number of threads is 16 | block size is 16,,,
elapsed time = 139.35 | seconds power is 14 | number of threads is 16 | block size is 16,,,
elapsed time = 142.27 | seconds power is 15 | number of threads is 16 | block size is 16,,,
elapsed time = 145.14 | seconds power is 16 | number of threads is 16 | block size is 16,,,
elapsed time = 147.98 | seconds power is 2 | number of threads is 16 | block size is 32,,,
elapsed time = 150.86 | seconds power is 3 | number of threads is 16 | block size is 32,,,
elapsed time = 153.76 | seconds power is 4 | number of threads is 16 | block size is 32,,,
elapsed time = 156.73 | seconds power is 5 | number of threads is 16 | block size is 32,,,
elapsed time = 159.66 | seconds power is 6 | number of threads is 16 | block size is 32,,,
elapsed time = 162.61 | seconds power is 7 | number of threads is 16 | block size is 32,,,
elapsed time = 165.46 | seconds power is 8 | number of threads is 16 | block size is 32,,,
elapsed time = 168.34 | seconds power is 9 | number of threads is 16 | block size is 32,,,
elapsed time = 171.20 | seconds power is 10 | number of threads is 16 | block size is 32,,,
elapsed time = 174.07 | seconds power is 11 | number of threads is 16 | block size is 32,,,
elapsed time = 176.93 | seconds power is 12 | number of threads is 16 | block size is 32,,,
elapsed time = 179.80 | seconds power is 13 | number of threads is 16 | block size is 32,,,
elapsed time = 182.63 | seconds power is 14 | number of threads is 16 | block size is 32,,,
elapsed time = 185.50 | seconds power is 15 | number of threads is 16 | block size is 32,,,
elapsed time = 188.37 | seconds power is 16 | number of threads is 16 | block size is 32,,,
elapsed time = 191.26 | seconds power is 2 | number of threads is 16 | block size is 64,,,
elapsed time = 194.13 | seconds power is 3 | number of threads is 16 | block size is 64,,,
elapsed time = 197.00 | seconds power is 4 | number of threads is 16 | block size is 64,,,
elapsed time = 199.82 | seconds power is 5 | number of threads is 16 | block size is 64,,,
elapsed time = 202.71 | seconds power is 6 | number of threads is 16 | block size is 64,,,
elapsed time = 205.57 | seconds power is 7 | number of threads is 16 | block size is 64,,,
elapsed time = 208.46 | seconds power is 8 | number of threads is 16 | block size is 64,,,
elapsed time = 211.41 | seconds power is 9 | number of threads is 16 | block size is 64,,,
elapsed time = 214.29 | seconds power is 10 | number of threads is 16 | block size is 64,,,
elapsed time = 217.15 | seconds power is 11 | number of threads is 16 | block size is 64,,,
elapsed time = 220.02 | seconds power is 12 | number of threads is 16 | block size is 64,,,
elapsed time = 222.90 | seconds power is 13 | number of threads is 16 | block size is 64,,,
elapsed time = 225.76 | seconds power is 14 | number of threads is 16 | block size is 64,,,
elapsed time = 228.63 | seconds power is 15 | number of threads is 16 | block size is 64,,,
elapsed time = 231.51 | seconds power is 16 | number of threads is 16 | block size is 64,,,
2048 16 thread done,,,
