2048x2048 bmm 3,,,
elapsed time,power,no of threads,
32.99,2,1, block size is 4
64.67,3,1, block size is 4
96.6,4,1, block size is 4
128.41,5,1, block size is 4
160.16,6,1, block size is 4
191.88,7,1, block size is 4
223.7,8,1, block size is 4
255.45,9,1, block size is 4
287.25,10,1, block size is 4
319.57,11,1, block size is 4
351.71,12,1, block size is 4
383.51,13,1, block size is 4
415.3,14,1, block size is 4
447.15,15,1, block size is 4
480.62,16,1, block size is 4
502.4,2,1, block size is 8
524.18,3,1, block size is 8
545.95,4,1, block size is 8
567.71,5,1, block size is 8
589.47,6,1, block size is 8
611.23,7,1, block size is 8
633.01,8,1, block size is 8
654.77,9,1, block size is 8
676.55,10,1, block size is 8
698.32,11,1, block size is 8
720.08,12,1, block size is 8
741.84,13,1, block size is 8
763.6,14,1, block size is 8
785.38,15,1, block size is 8
807.15,16,1, block size is 8
827.5,2,1, block size is 16
847.84,3,1, block size is 16
868.2,4,1, block size is 16
888.55,5,1, block size is 16
908.9,6,1, block size is 16
929.26,7,1, block size is 16
949.6,8,1, block size is 16
969.96,9,1, block size is 16
990.32,10,1, block size is 16
1010.66,11,1, block size is 16
1031.01,12,1, block size is 16
1051.36,13,1, block size is 16
1071.71,14,1, block size is 16
1092.05,15,1, block size is 16
1112.39,16,1, block size is 16
1132.73,2,1, block size is 32
1153.06,3,1, block size is 32
1173.39,4,1, block size is 32
1193.74,5,1, block size is 32
1214.07,6,1, block size is 32
1234.4,7,1, block size is 32
1254.74,8,1, block size is 32
1275.08,9,1, block size is 32
1295.42,10,1, block size is 32
1315.76,11,1, block size is 32
1336.1,12,1, block size is 32
1356.43,13,1, block size is 32
1376.77,14,1, block size is 32
1397.1,15,1, block size is 32
1417.43,16,1, block size is 32
1437.29,2,1, block size is 64
1457.15,3,1, block size is 64
1477,4,1, block size is 64
1496.86,5,1, block size is 64
1516.71,6,1, block size is 64
1536.57,7,1, block size is 64
1556.43,8,1, block size is 64
1576.28,9,1, block size is 64
1596.14,10,1, block size is 64
1615.99,11,1, block size is 64
1635.85,12,1, block size is 64
1655.71,13,1, block size is 64
1675.56,14,1, block size is 64
1695.42,15,1, block size is 64
1715.28,16,1, block size is 64
2048 1 thread done,,,
17.21,2,2, block size is 4
34.4,3,2, block size is 4
51.58,4,2, block size is 4
68.76,5,2, block size is 4
85.95,6,2, block size is 4
103.77,7,2, block size is 4
120.97,8,2, block size is 4
138.17,9,2, block size is 4
155.37,10,2, block size is 4
172.56,11,2, block size is 4
189.76,12,2, block size is 4
207.49,13,2, block size is 4
225.48,14,2, block size is 4
243.48,15,2, block size is 4
261.43,16,2, block size is 4
272.26,2,2, block size is 8
283.08,3,2, block size is 8
293.9,4,2, block size is 8
304.73,5,2, block size is 8
315.56,6,2, block size is 8
326.38,7,2, block size is 8
337.22,8,2, block size is 8
348.04,9,2, block size is 8
358.87,10,2, block size is 8
369.7,11,2, block size is 8
380.53,12,2, block size is 8
391.37,13,2, block size is 8
401.91,14,2, block size is 8
412.32,15,2, block size is 8
422.73,16,2, block size is 8
432.63,2,2, block size is 16
442.52,3,2, block size is 16
452.41,4,2, block size is 16
462.32,5,2, block size is 16
472.2,6,2, block size is 16
482.09,7,2, block size is 16
492,8,2, block size is 16
501.89,9,2, block size is 16
511.78,10,2, block size is 16
521.67,11,2, block size is 16
531.57,12,2, block size is 16
541.46,13,2, block size is 16
551.36,14,2, block size is 16
561.26,15,2, block size is 16
571.15,16,2, block size is 16
581.29,2,2, block size is 32
591.43,3,2, block size is 32
601.58,4,2, block size is 32
611.74,5,2, block size is 32
621.89,6,2, block size is 32
632.03,7,2, block size is 32
642.17,8,2, block size is 32
652.32,9,2, block size is 32
662.45,10,2, block size is 32
672.6,11,2, block size is 32
682.74,12,2, block size is 32
692.88,13,2, block size is 32
703.02,14,2, block size is 32
713.17,15,2, block size is 32
723.31,16,2, block size is 32
733.23,2,2, block size is 64
743.15,3,2, block size is 64
753.07,4,2, block size is 64
762.98,5,2, block size is 64
772.91,6,2, block size is 64
782.82,7,2, block size is 64
792.74,8,2, block size is 64
802.66,9,2, block size is 64
elapsed time = 812.58 | seconds power is 10 | number of threads is 2 | block size is 64,,,
elapsed time = 822.50 | seconds power is 11 | number of threads is 2 | block size is 64,,,
elapsed time = 832.42 | seconds power is 12 | number of threads is 2 | block size is 64,,,
elapsed time = 842.34 | seconds power is 13 | number of threads is 2 | block size is 64,,,
elapsed time = 852.26 | seconds power is 14 | number of threads is 2 | block size is 64,,,
elapsed time = 862.18 | seconds power is 15 | number of threads is 2 | block size is 64,,,
elapsed time = 872.09 | seconds power is 16 | number of threads is 2 | block size is 64,,,
2048 2 thread done,,,
elapsed time = 8.48 | seconds power is 2 | number of threads is 4 | block size is 4,,,
elapsed time = 16.89 | seconds power is 3 | number of threads is 4 | block size is 4,,,
elapsed time = 25.32 | seconds power is 4 | number of threads is 4 | block size is 4,,,
elapsed time = 33.72 | seconds power is 5 | number of threads is 4 | block size is 4,,,
elapsed time = 42.12 | seconds power is 6 | number of threads is 4 | block size is 4,,,
elapsed time = 50.52 | seconds power is 7 | number of threads is 4 | block size is 4,,,
elapsed time = 58.93 | seconds power is 8 | number of threads is 4 | block size is 4,,,
elapsed time = 67.33 | seconds power is 9 | number of threads is 4 | block size is 4,,,
elapsed time = 75.77 | seconds power is 10 | number of threads is 4 | block size is 4,,,
elapsed time = 84.18 | seconds power is 11 | number of threads is 4 | block size is 4,,,
elapsed time = 92.61 | seconds power is 12 | number of threads is 4 | block size is 4,,,
elapsed time = 101.07 | seconds power is 13 | number of threads is 4 | block size is 4,,,
elapsed time = 109.52 | seconds power is 14 | number of threads is 4 | block size is 4,,,
elapsed time = 118.00 | seconds power is 15 | number of threads is 4 | block size is 4,,,
elapsed time = 126.45 | seconds power is 16 | number of threads is 4 | block size is 4,,,
elapsed time = 131.96 | seconds power is 2 | number of threads is 4 | block size is 8,,,
elapsed time = 137.50 | seconds power is 3 | number of threads is 4 | block size is 8,,,
elapsed time = 143.05 | seconds power is 4 | number of threads is 4 | block size is 8,,,
elapsed time = 148.60 | seconds power is 5 | number of threads is 4 | block size is 8,,,
elapsed time = 154.14 | seconds power is 6 | number of threads is 4 | block size is 8,,,
elapsed time = 159.64 | seconds power is 7 | number of threads is 4 | block size is 8,,,
elapsed time = 165.15 | seconds power is 8 | number of threads is 4 | block size is 8,,,
elapsed time = 170.64 | seconds power is 9 | number of threads is 4 | block size is 8,,,
elapsed time = 176.16 | seconds power is 10 | number of threads is 4 | block size is 8,,,
elapsed time = 181.74 | seconds power is 11 | number of threads is 4 | block size is 8,,,
elapsed time = 187.49 | seconds power is 12 | number of threads is 4 | block size is 8,,,
elapsed time = 193.24 | seconds power is 13 | number of threads is 4 | block size is 8,,,
elapsed time = 198.99 | seconds power is 14 | number of threads is 4 | block size is 8,,,
elapsed time = 204.74 | seconds power is 15 | number of threads is 4 | block size is 8,,,
elapsed time = 210.49 | seconds power is 16 | number of threads is 4 | block size is 8,,,
elapsed time = 215.87 | seconds power is 2 | number of threads is 4 | block size is 16,,,
elapsed time = 221.22 | seconds power is 3 | number of threads is 4 | block size is 16,,,
elapsed time = 226.60 | seconds power is 4 | number of threads is 4 | block size is 16,,,
elapsed time = 231.97 | seconds power is 5 | number of threads is 4 | block size is 16,,,
elapsed time = 237.34 | seconds power is 6 | number of threads is 4 | block size is 16,,,
elapsed time = 242.70 | seconds power is 7 | number of threads is 4 | block size is 16,,,
elapsed time = 248.07 | seconds power is 8 | number of threads is 4 | block size is 16,,,
elapsed time = 253.43 | seconds power is 9 | number of threads is 4 | block size is 16,,,
elapsed time = 258.81 | seconds power is 10 | number of threads is 4 | block size is 16,,,
elapsed time = 264.17 | seconds power is 11 | number of threads is 4 | block size is 16,,,
elapsed time = 269.54 | seconds power is 12 | number of threads is 4 | block size is 16,,,
elapsed time = 274.91 | seconds power is 13 | number of threads is 4 | block size is 16,,,
elapsed time = 280.28 | seconds power is 14 | number of threads is 4 | block size is 16,,,
elapsed time = 285.64 | seconds power is 15 | number of threads is 4 | block size is 16,,,
elapsed time = 291.00 | seconds power is 16 | number of threads is 4 | block size is 16,,,
elapsed time = 296.40 | seconds power is 2 | number of threads is 4 | block size is 32,,,
elapsed time = 301.79 | seconds power is 3 | number of threads is 4 | block size is 32,,,
elapsed time = 307.19 | seconds power is 4 | number of threads is 4 | block size is 32,,,
elapsed time = 312.59 | seconds power is 5 | number of threads is 4 | block size is 32,,,
elapsed time = 317.99 | seconds power is 6 | number of threads is 4 | block size is 32,,,
elapsed time = 323.39 | seconds power is 7 | number of threads is 4 | block size is 32,,,
elapsed time = 328.80 | seconds power is 8 | number of threads is 4 | block size is 32,,,
elapsed time = 334.20 | seconds power is 9 | number of threads is 4 | block size is 32,,,
elapsed time = 339.60 | seconds power is 10 | number of threads is 4 | block size is 32,,,
elapsed time = 345.00 | seconds power is 11 | number of threads is 4 | block size is 32,,,
elapsed time = 350.39 | seconds power is 12 | number of threads is 4 | block size is 32,,,
elapsed time = 355.78 | seconds power is 13 | number of threads is 4 | block size is 32,,,
elapsed time = 361.18 | seconds power is 14 | number of threads is 4 | block size is 32,,,
elapsed time = 366.58 | seconds power is 15 | number of threads is 4 | block size is 32,,,
elapsed time = 371.97 | seconds power is 16 | number of threads is 4 | block size is 32,,,
elapsed time = 377.24 | seconds power is 2 | number of threads is 4 | block size is 64,,,
elapsed time = 382.51 | seconds power is 3 | number of threads is 4 | block size is 64,,,
elapsed time = 387.77 | seconds power is 4 | number of threads is 4 | block size is 64,,,
elapsed time = 393.05 | seconds power is 5 | number of threads is 4 | block size is 64,,,
elapsed time = 398.33 | seconds power is 6 | number of threads is 4 | block size is 64,,,
elapsed time = 403.61 | seconds power is 7 | number of threads is 4 | block size is 64,,,
elapsed time = 408.88 | seconds power is 8 | number of threads is 4 | block size is 64,,,
elapsed time = 414.16 | seconds power is 9 | number of threads is 4 | block size is 64,,,
elapsed time = 419.42 | seconds power is 10 | number of threads is 4 | block size is 64,,,
elapsed time = 424.72 | seconds power is 11 | number of threads is 4 | block size is 64,,,
elapsed time = 430.00 | seconds power is 12 | number of threads is 4 | block size is 64,,,
elapsed time = 435.26 | seconds power is 13 | number of threads is 4 | block size is 64,,,
elapsed time = 440.54 | seconds power is 14 | number of threads is 4 | block size is 64,,,
elapsed time = 445.81 | seconds power is 15 | number of threads is 4 | block size is 64,,,
elapsed time = 451.07 | seconds power is 16 | number of threads is 4 | block size is 64,,,
2048 4 thread done,,,
elapsed time = 5.93 | seconds power is 2 | number of threads is 6 | block size is 4,,,
elapsed time = 11.87 | seconds power is 3 | number of threads is 6 | block size is 4,,,
elapsed time = 17.77 | seconds power is 4 | number of threads is 6 | block size is 4,,,
elapsed time = 23.70 | seconds power is 5 | number of threads is 6 | block size is 4,,,
elapsed time = 29.63 | seconds power is 6 | number of threads is 6 | block size is 4,,,
elapsed time = 35.55 | seconds power is 7 | number of threads is 6 | block size is 4,,,
elapsed time = 41.46 | seconds power is 8 | number of threads is 6 | block size is 4,,,
elapsed time = 47.39 | seconds power is 9 | number of threads is 6 | block size is 4,,,
elapsed time = 53.28 | seconds power is 10 | number of threads is 6 | block size is 4,,,
elapsed time = 59.16 | seconds power is 11 | number of threads is 6 | block size is 4,,,
elapsed time = 65.08 | seconds power is 12 | number of threads is 6 | block size is 4,,,
elapsed time = 71.06 | seconds power is 13 | number of threads is 6 | block size is 4,,,
elapsed time = 77.02 | seconds power is 14 | number of threads is 6 | block size is 4,,,
elapsed time = 82.97 | seconds power is 15 | number of threads is 6 | block size is 4,,,
elapsed time = 88.91 | seconds power is 16 | number of threads is 6 | block size is 4,,,
elapsed time = 93.03 | seconds power is 2 | number of threads is 6 | block size is 8,,,
elapsed time = 97.16 | seconds power is 3 | number of threads is 6 | block size is 8,,,
elapsed time = 101.29 | seconds power is 4 | number of threads is 6 | block size is 8,,,
elapsed time = 105.43 | seconds power is 5 | number of threads is 6 | block size is 8,,,
elapsed time = 109.57 | seconds power is 6 | number of threads is 6 | block size is 8,,,
elapsed time = 113.72 | seconds power is 7 | number of threads is 6 | block size is 8,,,
elapsed time = 117.86 | seconds power is 8 | number of threads is 6 | block size is 8,,,
elapsed time = 122.00 | seconds power is 9 | number of threads is 6 | block size is 8,,,
elapsed time = 126.14 | seconds power is 10 | number of threads is 6 | block size is 8,,,
elapsed time = 130.28 | seconds power is 11 | number of threads is 6 | block size is 8,,,
elapsed time = 134.42 | seconds power is 12 | number of threads is 6 | block size is 8,,,
elapsed time = 138.56 | seconds power is 13 | number of threads is 6 | block size is 8,,,
elapsed time = 142.87 | seconds power is 14 | number of threads is 6 | block size is 8,,,
elapsed time = 146.99 | seconds power is 15 | number of threads is 6 | block size is 8,,,
elapsed time = 151.12 | seconds power is 16 | number of threads is 6 | block size is 8,,,
elapsed time = 155.24 | seconds power is 2 | number of threads is 6 | block size is 16,,,
elapsed time = 159.38 | seconds power is 3 | number of threads is 6 | block size is 16,,,
elapsed time = 163.49 | seconds power is 4 | number of threads is 6 | block size is 16,,,
elapsed time = 167.59 | seconds power is 5 | number of threads is 6 | block size is 16,,,
elapsed time = 171.70 | seconds power is 6 | number of threads is 6 | block size is 16,,,
elapsed time = 175.81 | seconds power is 7 | number of threads is 6 | block size is 16,,,
elapsed time = 179.91 | seconds power is 8 | number of threads is 6 | block size is 16,,,
elapsed time = 184.02 | seconds power is 9 | number of threads is 6 | block size is 16,,,
elapsed time = 188.13 | seconds power is 10 | number of threads is 6 | block size is 16,,,
elapsed time = 192.26 | seconds power is 11 | number of threads is 6 | block size is 16,,,
elapsed time = 196.40 | seconds power is 12 | number of threads is 6 | block size is 16,,,
elapsed time = 200.51 | seconds power is 13 | number of threads is 6 | block size is 16,,,
elapsed time = 204.61 | seconds power is 14 | number of threads is 6 | block size is 16,,,
elapsed time = 208.72 | seconds power is 15 | number of threads is 6 | block size is 16,,,
elapsed time = 212.82 | seconds power is 16 | number of threads is 6 | block size is 16,,,
elapsed time = 216.98 | seconds power is 2 | number of threads is 6 | block size is 32,,,
elapsed time = 221.15 | seconds power is 3 | number of threads is 6 | block size is 32,,,
elapsed time = 225.32 | seconds power is 4 | number of threads is 6 | block size is 32,,,
elapsed time = 229.50 | seconds power is 5 | number of threads is 6 | block size is 32,,,
elapsed time = 233.67 | seconds power is 6 | number of threads is 6 | block size is 32,,,
elapsed time = 237.84 | seconds power is 7 | number of threads is 6 | block size is 32,,,
elapsed time = 242.02 | seconds power is 8 | number of threads is 6 | block size is 32,,,
elapsed time = 246.19 | seconds power is 9 | number of threads is 6 | block size is 32,,,
elapsed time = 250.37 | seconds power is 10 | number of threads is 6 | block size is 32,,,
elapsed time = 254.54 | seconds power is 11 | number of threads is 6 | block size is 32,,,
elapsed time = 258.72 | seconds power is 12 | number of threads is 6 | block size is 32,,,
elapsed time = 262.89 | seconds power is 13 | number of threads is 6 | block size is 32,,,
elapsed time = 267.07 | seconds power is 14 | number of threads is 6 | block size is 32,,,
elapsed time = 271.24 | seconds power is 15 | number of threads is 6 | block size is 32,,,
elapsed time = 275.42 | seconds power is 16 | number of threads is 6 | block size is 32,,,
elapsed time = 279.78 | seconds power is 2 | number of threads is 6 | block size is 64,,,
elapsed time = 284.24 | seconds power is 3 | number of threads is 6 | block size is 64,,,
elapsed time = 288.56 | seconds power is 4 | number of threads is 6 | block size is 64,,,
elapsed time = 293.01 | seconds power is 5 | number of threads is 6 | block size is 64,,,
elapsed time = 297.39 | seconds power is 6 | number of threads is 6 | block size is 64,,,
elapsed time = 301.78 | seconds power is 7 | number of threads is 6 | block size is 64,,,
elapsed time = 306.08 | seconds power is 8 | number of threads is 6 | block size is 64,,,
elapsed time = 310.45 | seconds power is 9 | number of threads is 6 | block size is 64,,,
elapsed time = 314.85 | seconds power is 10 | number of threads is 6 | block size is 64,,,
elapsed time = 319.16 | seconds power is 11 | number of threads is 6 | block size is 64,,,
elapsed time = 323.54 | seconds power is 12 | number of threads is 6 | block size is 64,,,
elapsed time = 327.97 | seconds power is 13 | number of threads is 6 | block size is 64,,,
elapsed time = 332.33 | seconds power is 14 | number of threads is 6 | block size is 64,,,
elapsed time = 336.64 | seconds power is 15 | number of threads is 6 | block size is 64,,,
elapsed time = 341.10 | seconds power is 16 | number of threads is 6 | block size is 64,,,
2048 6 thread done,,,
elapsed time = 4.84 | seconds power is 2 | number of threads is 8 | block size is 4,,,
elapsed time = 9.71 | seconds power is 3 | number of threads is 8 | block size is 4,,,
elapsed time = 14.56 | seconds power is 4 | number of threads is 8 | block size is 4,,,
elapsed time = 19.42 | seconds power is 5 | number of threads is 8 | block size is 4,,,
elapsed time = 24.28 | seconds power is 6 | number of threads is 8 | block size is 4,,,
elapsed time = 29.17 | seconds power is 7 | number of threads is 8 | block size is 4,,,
elapsed time = 34.04 | seconds power is 8 | number of threads is 8 | block size is 4,,,
elapsed time = 38.91 | seconds power is 9 | number of threads is 8 | block size is 4,,,
elapsed time = 43.77 | seconds power is 10 | number of threads is 8 | block size is 4,,,
elapsed time = 48.63 | seconds power is 11 | number of threads is 8 | block size is 4,,,
elapsed time = 53.49 | seconds power is 12 | number of threads is 8 | block size is 4,,,
elapsed time = 58.35 | seconds power is 13 | number of threads is 8 | block size is 4,,,
elapsed time = 63.22 | seconds power is 14 | number of threads is 8 | block size is 4,,,
elapsed time = 68.09 | seconds power is 15 | number of threads is 8 | block size is 4,,,
elapsed time = 72.95 | seconds power is 16 | number of threads is 8 | block size is 4,,,
elapsed time = 76.33 | seconds power is 2 | number of threads is 8 | block size is 8,,,
elapsed time = 79.75 | seconds power is 3 | number of threads is 8 | block size is 8,,,
elapsed time = 83.17 | seconds power is 4 | number of threads is 8 | block size is 8,,,
elapsed time = 86.63 | seconds power is 5 | number of threads is 8 | block size is 8,,,
elapsed time = 90.03 | seconds power is 6 | number of threads is 8 | block size is 8,,,
elapsed time = 93.44 | seconds power is 7 | number of threads is 8 | block size is 8,,,
elapsed time = 96.81 | seconds power is 8 | number of threads is 8 | block size is 8,,,
elapsed time = 100.16 | seconds power is 9 | number of threads is 8 | block size is 8,,,
elapsed time = 103.58 | seconds power is 10 | number of threads is 8 | block size is 8,,,
elapsed time = 107.00 | seconds power is 11 | number of threads is 8 | block size is 8,,,
elapsed time = 110.38 | seconds power is 12 | number of threads is 8 | block size is 8,,,
elapsed time = 113.81 | seconds power is 13 | number of threads is 8 | block size is 8,,,
elapsed time = 117.22 | seconds power is 14 | number of threads is 8 | block size is 8,,,
elapsed time = 120.56 | seconds power is 15 | number of threads is 8 | block size is 8,,,
elapsed time = 123.91 | seconds power is 16 | number of threads is 8 | block size is 8,,,
elapsed time = 127.18 | seconds power is 2 | number of threads is 8 | block size is 16,,,
elapsed time = 130.48 | seconds power is 3 | number of threads is 8 | block size is 16,,,
elapsed time = 133.76 | seconds power is 4 | number of threads is 8 | block size is 16,,,
elapsed time = 137.05 | seconds power is 5 | number of threads is 8 | block size is 16,,,
elapsed time = 140.33 | seconds power is 6 | number of threads is 8 | block size is 16,,,
elapsed time = 143.63 | seconds power is 7 | number of threads is 8 | block size is 16,,,
elapsed time = 146.94 | seconds power is 8 | number of threads is 8 | block size is 16,,,
elapsed time = 150.24 | seconds power is 9 | number of threads is 8 | block size is 16,,,
elapsed time = 153.51 | seconds power is 10 | number of threads is 8 | block size is 16,,,
elapsed time = 156.77 | seconds power is 11 | number of threads is 8 | block size is 16,,,
elapsed time = 160.09 | seconds power is 12 | number of threads is 8 | block size is 16,,,
elapsed time = 163.36 | seconds power is 13 | number of threads is 8 | block size is 16,,,
elapsed time = 166.64 | seconds power is 14 | number of threads is 8 | block size is 16,,,
elapsed time = 169.91 | seconds power is 15 | number of threads is 8 | block size is 16,,,
elapsed time = 173.17 | seconds power is 16 | number of threads is 8 | block size is 16,,,
elapsed time = 176.51 | seconds power is 2 | number of threads is 8 | block size is 32,,,
elapsed time = 179.86 | seconds power is 3 | number of threads is 8 | block size is 32,,,
elapsed time = 183.19 | seconds power is 4 | number of threads is 8 | block size is 32,,,
elapsed time = 186.54 | seconds power is 5 | number of threads is 8 | block size is 32,,,
elapsed time = 189.87 | seconds power is 6 | number of threads is 8 | block size is 32,,,
elapsed time = 193.20 | seconds power is 7 | number of threads is 8 | block size is 32,,,
elapsed time = 196.56 | seconds power is 8 | number of threads is 8 | block size is 32,,,
elapsed time = 199.92 | seconds power is 9 | number of threads is 8 | block size is 32,,,
elapsed time = 203.27 | seconds power is 10 | number of threads is 8 | block size is 32,,,
elapsed time = 206.65 | seconds power is 11 | number of threads is 8 | block size is 32,,,
elapsed time = 209.99 | seconds power is 12 | number of threads is 8 | block size is 32,,,
elapsed time = 213.33 | seconds power is 13 | number of threads is 8 | block size is 32,,,
elapsed time = 216.69 | seconds power is 14 | number of threads is 8 | block size is 32,,,
elapsed time = 220.02 | seconds power is 15 | number of threads is 8 | block size is 32,,,
elapsed time = 223.36 | seconds power is 16 | number of threads is 8 | block size is 32,,,
elapsed time = 226.62 | seconds power is 2 | number of threads is 8 | block size is 64,,,
elapsed time = 229.90 | seconds power is 3 | number of threads is 8 | block size is 64,,,
elapsed time = 233.18 | seconds power is 4 | number of threads is 8 | block size is 64,,,
elapsed time = 236.45 | seconds power is 5 | number of threads is 8 | block size is 64,,,
elapsed time = 239.69 | seconds power is 6 | number of threads is 8 | block size is 64,,,
elapsed time = 242.94 | seconds power is 7 | number of threads is 8 | block size is 64,,,
elapsed time = 246.19 | seconds power is 8 | number of threads is 8 | block size is 64,,,
elapsed time = 249.44 | seconds power is 9 | number of threads is 8 | block size is 64,,,
elapsed time = 252.70 | seconds power is 10 | number of threads is 8 | block size is 64,,,
elapsed time = 255.96 | seconds power is 11 | number of threads is 8 | block size is 64,,,
elapsed time = 259.19 | seconds power is 12 | number of threads is 8 | block size is 64,,,
elapsed time = 262.45 | seconds power is 13 | number of threads is 8 | block size is 64,,,
elapsed time = 265.70 | seconds power is 14 | number of threads is 8 | block size is 64,,,
elapsed time = 268.95 | seconds power is 15 | number of threads is 8 | block size is 64,,,
elapsed time = 272.18 | seconds power is 16 | number of threads is 8 | block size is 64,,,
2048 8 thread done,,,
elapsed time = 4.55 | seconds power is 2 | number of threads is 10 | block size is 4,,,
elapsed time = 9.01 | seconds power is 3 | number of threads is 10 | block size is 4,,,
elapsed time = 13.48 | seconds power is 4 | number of threads is 10 | block size is 4,,,
elapsed time = 17.95 | seconds power is 5 | number of threads is 10 | block size is 4,,,
elapsed time = 22.39 | seconds power is 6 | number of threads is 10 | block size is 4,,,
elapsed time = 26.94 | seconds power is 7 | number of threads is 10 | block size is 4,,,
elapsed time = 31.38 | seconds power is 8 | number of threads is 10 | block size is 4,,,
elapsed time = 35.82 | seconds power is 9 | number of threads is 10 | block size is 4,,,
elapsed time = 40.28 | seconds power is 10 | number of threads is 10 | block size is 4,,,
elapsed time = 44.82 | seconds power is 11 | number of threads is 10 | block size is 4,,,
elapsed time = 49.23 | seconds power is 12 | number of threads is 10 | block size is 4,,,
elapsed time = 53.67 | seconds power is 13 | number of threads is 10 | block size is 4,,,
elapsed time = 58.23 | seconds power is 14 | number of threads is 10 | block size is 4,,,
elapsed time = 62.73 | seconds power is 15 | number of threads is 10 | block size is 4,,,
elapsed time = 67.21 | seconds power is 16 | number of threads is 10 | block size is 4,,,
elapsed time = 70.65 | seconds power is 2 | number of threads is 10 | block size is 8,,,
elapsed time = 74.41 | seconds power is 3 | number of threads is 10 | block size is 8,,,
elapsed time = 77.98 | seconds power is 4 | number of threads is 10 | block size is 8,,,
elapsed time = 81.35 | seconds power is 5 | number of threads is 10 | block size is 8,,,
elapsed time = 85.03 | seconds power is 6 | number of threads is 10 | block size is 8,,,
elapsed time = 88.53 | seconds power is 7 | number of threads is 10 | block size is 8,,,
elapsed time = 92.19 | seconds power is 8 | number of threads is 10 | block size is 8,,,
elapsed time = 95.76 | seconds power is 9 | number of threads is 10 | block size is 8,,,
elapsed time = 99.53 | seconds power is 10 | number of threads is 10 | block size is 8,,,
elapsed time = 103.28 | seconds power is 11 | number of threads is 10 | block size is 8,,,
elapsed time = 106.75 | seconds power is 12 | number of threads is 10 | block size is 8,,,
elapsed time = 110.41 | seconds power is 13 | number of threads is 10 | block size is 8,,,
elapsed time = 113.88 | seconds power is 14 | number of threads is 10 | block size is 8,,,
elapsed time = 117.60 | seconds power is 15 | number of threads is 10 | block size is 8,,,
elapsed time = 121.31 | seconds power is 16 | number of threads is 10 | block size is 8,,,
elapsed time = 124.60 | seconds power is 2 | number of threads is 10 | block size is 16,,,
elapsed time = 127.90 | seconds power is 3 | number of threads is 10 | block size is 16,,,
elapsed time = 131.20 | seconds power is 4 | number of threads is 10 | block size is 16,,,
elapsed time = 134.53 | seconds power is 5 | number of threads is 10 | block size is 16,,,
elapsed time = 138.06 | seconds power is 6 | number of threads is 10 | block size is 16,,,
elapsed time = 141.36 | seconds power is 7 | number of threads is 10 | block size is 16,,,
elapsed time = 144.65 | seconds power is 8 | number of threads is 10 | block size is 16,,,
elapsed time = 147.98 | seconds power is 9 | number of threads is 10 | block size is 16,,,
elapsed time = 151.32 | seconds power is 10 | number of threads is 10 | block size is 16,,,
elapsed time = 154.63 | seconds power is 11 | number of threads is 10 | block size is 16,,,
elapsed time = 158.18 | seconds power is 12 | number of threads is 10 | block size is 16,,,
elapsed time = 161.48 | seconds power is 13 | number of threads is 10 | block size is 16,,,
elapsed time = 164.95 | seconds power is 14 | number of threads is 10 | block size is 16,,,
elapsed time = 168.23 | seconds power is 15 | number of threads is 10 | block size is 16,,,
elapsed time = 171.52 | seconds power is 16 | number of threads is 10 | block size is 16,,,
elapsed time = 174.61 | seconds power is 2 | number of threads is 10 | block size is 32,,,
elapsed time = 178.03 | seconds power is 3 | number of threads is 10 | block size is 32,,,
elapsed time = 181.40 | seconds power is 4 | number of threads is 10 | block size is 32,,,
elapsed time = 184.79 | seconds power is 5 | number of threads is 10 | block size is 32,,,
elapsed time = 188.14 | seconds power is 6 | number of threads is 10 | block size is 32,,,
elapsed time = 191.51 | seconds power is 7 | number of threads is 10 | block size is 32,,,
elapsed time = 194.90 | seconds power is 8 | number of threads is 10 | block size is 32,,,
elapsed time = 198.29 | seconds power is 9 | number of threads is 10 | block size is 32,,,
elapsed time = 201.64 | seconds power is 10 | number of threads is 10 | block size is 32,,,
elapsed time = 204.92 | seconds power is 11 | number of threads is 10 | block size is 32,,,
elapsed time = 208.30 | seconds power is 12 | number of threads is 10 | block size is 32,,,
elapsed time = 211.68 | seconds power is 13 | number of threads is 10 | block size is 32,,,
elapsed time = 215.02 | seconds power is 14 | number of threads is 10 | block size is 32,,,
elapsed time = 218.57 | seconds power is 15 | number of threads is 10 | block size is 32,,,
elapsed time = 221.91 | seconds power is 16 | number of threads is 10 | block size is 32,,,
elapsed time = 225.08 | seconds power is 2 | number of threads is 10 | block size is 64,,,
elapsed time = 228.47 | seconds power is 3 | number of threads is 10 | block size is 64,,,
elapsed time = 231.61 | seconds power is 4 | number of threads is 10 | block size is 64,,,
elapsed time = 235.24 | seconds power is 5 | number of threads is 10 | block size is 64,,,
elapsed time = 238.37 | seconds power is 6 | number of threads is 10 | block size is 64,,,
elapsed time = 241.99 | seconds power is 7 | number of threads is 10 | block size is 64,,,
elapsed time = 245.38 | seconds power is 8 | number of threads is 10 | block size is 64,,,
elapsed time = 248.91 | seconds power is 9 | number of threads is 10 | block size is 64,,,
elapsed time = 252.38 | seconds power is 10 | number of threads is 10 | block size is 64,,,
elapsed time = 255.94 | seconds power is 11 | number of threads is 10 | block size is 64,,,
elapsed time = 259.23 | seconds power is 12 | number of threads is 10 | block size is 64,,,
elapsed time = 262.40 | seconds power is 13 | number of threads is 10 | block size is 64,,,
elapsed time = 265.57 | seconds power is 14 | number of threads is 10 | block size is 64,,,
elapsed time = 269.01 | seconds power is 15 | number of threads is 10 | block size is 64,,,
elapsed time = 272.70 | seconds power is 16 | number of threads is 10 | block size is 64,,,
2048 10 thread done,,,
elapsed time = 3.70 | seconds power is 2 | number of threads is 12 | block size is 4,,,
elapsed time = 7.59 | seconds power is 3 | number of threads is 12 | block size is 4,,,
elapsed time = 11.44 | seconds power is 4 | number of threads is 12 | block size is 4,,,
elapsed time = 15.31 | seconds power is 5 | number of threads is 12 | block size is 4,,,
elapsed time = 19.18 | seconds power is 6 | number of threads is 12 | block size is 4,,,
elapsed time = 23.06 | seconds power is 7 | number of threads is 12 | block size is 4,,,
elapsed time = 26.91 | seconds power is 8 | number of threads is 12 | block size is 4,,,
elapsed time = 30.78 | seconds power is 9 | number of threads is 12 | block size is 4,,,
elapsed time = 34.63 | seconds power is 10 | number of threads is 12 | block size is 4,,,
elapsed time = 38.47 | seconds power is 11 | number of threads is 12 | block size is 4,,,
elapsed time = 42.30 | seconds power is 12 | number of threads is 12 | block size is 4,,,
elapsed time = 46.16 | seconds power is 13 | number of threads is 12 | block size is 4,,,
elapsed time = 50.04 | seconds power is 14 | number of threads is 12 | block size is 4,,,
elapsed time = 53.92 | seconds power is 15 | number of threads is 12 | block size is 4,,,
elapsed time = 57.77 | seconds power is 16 | number of threads is 12 | block size is 4,,,
elapsed time = 60.85 | seconds power is 2 | number of threads is 12 | block size is 8,,,
elapsed time = 63.90 | seconds power is 3 | number of threads is 12 | block size is 8,,,
elapsed time = 67.02 | seconds power is 4 | number of threads is 12 | block size is 8,,,
elapsed time = 70.12 | seconds power is 5 | number of threads is 12 | block size is 8,,,
elapsed time = 73.18 | seconds power is 6 | number of threads is 12 | block size is 8,,,
elapsed time = 76.32 | seconds power is 7 | number of threads is 12 | block size is 8,,,
elapsed time = 79.39 | seconds power is 8 | number of threads is 12 | block size is 8,,,
elapsed time = 82.46 | seconds power is 9 | number of threads is 12 | block size is 8,,,
elapsed time = 85.52 | seconds power is 10 | number of threads is 12 | block size is 8,,,
elapsed time = 88.59 | seconds power is 11 | number of threads is 12 | block size is 8,,,
elapsed time = 91.68 | seconds power is 12 | number of threads is 12 | block size is 8,,,
elapsed time = 94.71 | seconds power is 13 | number of threads is 12 | block size is 8,,,
elapsed time = 97.83 | seconds power is 14 | number of threads is 12 | block size is 8,,,
elapsed time = 100.96 | seconds power is 15 | number of threads is 12 | block size is 8,,,
elapsed time = 104.03 | seconds power is 16 | number of threads is 12 | block size is 8,,,
elapsed time = 106.96 | seconds power is 2 | number of threads is 12 | block size is 16,,,
elapsed time = 109.97 | seconds power is 3 | number of threads is 12 | block size is 16,,,
elapsed time = 112.91 | seconds power is 4 | number of threads is 12 | block size is 16,,,
elapsed time = 115.84 | seconds power is 5 | number of threads is 12 | block size is 16,,,
elapsed time = 118.83 | seconds power is 6 | number of threads is 12 | block size is 16,,,
elapsed time = 121.77 | seconds power is 7 | number of threads is 12 | block size is 16,,,
elapsed time = 124.76 | seconds power is 8 | number of threads is 12 | block size is 16,,,
elapsed time = 127.71 | seconds power is 9 | number of threads is 12 | block size is 16,,,
elapsed time = 130.65 | seconds power is 10 | number of threads is 12 | block size is 16,,,
elapsed time = 133.57 | seconds power is 11 | number of threads is 12 | block size is 16,,,
elapsed time = 136.50 | seconds power is 12 | number of threads is 12 | block size is 16,,,
elapsed time = 139.42 | seconds power is 13 | number of threads is 12 | block size is 16,,,
elapsed time = 142.35 | seconds power is 14 | number of threads is 12 | block size is 16,,,
elapsed time = 145.29 | seconds power is 15 | number of threads is 12 | block size is 16,,,
elapsed time = 148.20 | seconds power is 16 | number of threads is 12 | block size is 16,,,
elapsed time = 151.25 | seconds power is 2 | number of threads is 12 | block size is 32,,,
elapsed time = 154.28 | seconds power is 3 | number of threads is 12 | block size is 32,,,
elapsed time = 157.33 | seconds power is 4 | number of threads is 12 | block size is 32,,,
elapsed time = 160.35 | seconds power is 5 | number of threads is 12 | block size is 32,,,
elapsed time = 163.37 | seconds power is 6 | number of threads is 12 | block size is 32,,,
elapsed time = 166.36 | seconds power is 7 | number of threads is 12 | block size is 32,,,
elapsed time = 169.39 | seconds power is 8 | number of threads is 12 | block size is 32,,,
elapsed time = 172.39 | seconds power is 9 | number of threads is 12 | block size is 32,,,
elapsed time = 175.42 | seconds power is 10 | number of threads is 12 | block size is 32,,,
elapsed time = 178.43 | seconds power is 11 | number of threads is 12 | block size is 32,,,
elapsed time = 181.47 | seconds power is 12 | number of threads is 12 | block size is 32,,,
elapsed time = 184.44 | seconds power is 13 | number of threads is 12 | block size is 32,,,
elapsed time = 187.49 | seconds power is 14 | number of threads is 12 | block size is 32,,,
elapsed time = 190.47 | seconds power is 15 | number of threads is 12 | block size is 32,,,
elapsed time = 193.53 | seconds power is 16 | number of threads is 12 | block size is 32,,,
elapsed time = 196.49 | seconds power is 2 | number of threads is 12 | block size is 64,,,
elapsed time = 199.56 | seconds power is 3 | number of threads is 12 | block size is 64,,,
elapsed time = 202.57 | seconds power is 4 | number of threads is 12 | block size is 64,,,
elapsed time = 205.66 | seconds power is 5 | number of threads is 12 | block size is 64,,,
elapsed time = 208.66 | seconds power is 6 | number of threads is 12 | block size is 64,,,
elapsed time = 211.69 | seconds power is 7 | number of threads is 12 | block size is 64,,,
elapsed time = 214.69 | seconds power is 8 | number of threads is 12 | block size is 64,,,
elapsed time = 217.72 | seconds power is 9 | number of threads is 12 | block size is 64,,,
elapsed time = 220.73 | seconds power is 10 | number of threads is 12 | block size is 64,,,
elapsed time = 223.74 | seconds power is 11 | number of threads is 12 | block size is 64,,,
elapsed time = 226.74 | seconds power is 12 | number of threads is 12 | block size is 64,,,
elapsed time = 229.75 | seconds power is 13 | number of threads is 12 | block size is 64,,,
elapsed time = 232.75 | seconds power is 14 | number of threads is 12 | block size is 64,,,
elapsed time = 235.76 | seconds power is 15 | number of threads is 12 | block size is 64,,,
elapsed time = 238.86 | seconds power is 16 | number of threads is 12 | block size is 64,,,
2048 12 thread done,,,
elapsed time = 3.93 | seconds power is 2 | number of threads is 14 | block size is 4,,,
elapsed time = 7.79 | seconds power is 3 | number of threads is 14 | block size is 4,,,
elapsed time = 11.70 | seconds power is 4 | number of threads is 14 | block size is 4,,,
elapsed time = 15.56 | seconds power is 5 | number of threads is 14 | block size is 4,,,
elapsed time = 19.41 | seconds power is 6 | number of threads is 14 | block size is 4,,,
elapsed time = 23.21 | seconds power is 7 | number of threads is 14 | block size is 4,,,
elapsed time = 27.05 | seconds power is 8 | number of threads is 14 | block size is 4,,,
elapsed time = 30.93 | seconds power is 9 | number of threads is 14 | block size is 4,,,
elapsed time = 34.82 | seconds power is 10 | number of threads is 14 | block size is 4,,,
elapsed time = 38.66 | seconds power is 11 | number of threads is 14 | block size is 4,,,
elapsed time = 42.44 | seconds power is 12 | number of threads is 14 | block size is 4,,,
elapsed time = 46.29 | seconds power is 13 | number of threads is 14 | block size is 4,,,
elapsed time = 50.18 | seconds power is 14 | number of threads is 14 | block size is 4,,,
elapsed time = 54.01 | seconds power is 15 | number of threads is 14 | block size is 4,,,
elapsed time = 57.85 | seconds power is 16 | number of threads is 14 | block size is 4,,,
elapsed time = 60.90 | seconds power is 2 | number of threads is 14 | block size is 8,,,
elapsed time = 63.96 | seconds power is 3 | number of threads is 14 | block size is 8,,,
elapsed time = 66.95 | seconds power is 4 | number of threads is 14 | block size is 8,,,
elapsed time = 70.01 | seconds power is 5 | number of threads is 14 | block size is 8,,,
elapsed time = 73.06 | seconds power is 6 | number of threads is 14 | block size is 8,,,
elapsed time = 76.19 | seconds power is 7 | number of threads is 14 | block size is 8,,,
elapsed time = 79.24 | seconds power is 8 | number of threads is 14 | block size is 8,,,
elapsed time = 82.31 | seconds power is 9 | number of threads is 14 | block size is 8,,,
elapsed time = 85.36 | seconds power is 10 | number of threads is 14 | block size is 8,,,
elapsed time = 88.33 | seconds power is 11 | number of threads is 14 | block size is 8,,,
elapsed time = 91.46 | seconds power is 12 | number of threads is 14 | block size is 8,,,
elapsed time = 94.42 | seconds power is 13 | number of threads is 14 | block size is 8,,,
elapsed time = 97.51 | seconds power is 14 | number of threads is 14 | block size is 8,,,
elapsed time = 100.59 | seconds power is 15 | number of threads is 14 | block size is 8,,,
elapsed time = 103.57 | seconds power is 16 | number of threads is 14 | block size is 8,,,
elapsed time = 106.63 | seconds power is 2 | number of threads is 14 | block size is 16,,,
elapsed time = 109.54 | seconds power is 3 | number of threads is 14 | block size is 16,,,
elapsed time = 112.48 | seconds power is 4 | number of threads is 14 | block size is 16,,,
elapsed time = 115.44 | seconds power is 5 | number of threads is 14 | block size is 16,,,
elapsed time = 118.43 | seconds power is 6 | number of threads is 14 | block size is 16,,,
elapsed time = 121.35 | seconds power is 7 | number of threads is 14 | block size is 16,,,
elapsed time = 124.28 | seconds power is 8 | number of threads is 14 | block size is 16,,,
elapsed time = 127.42 | seconds power is 9 | number of threads is 14 | block size is 16,,,
elapsed time = 130.45 | seconds power is 10 | number of threads is 14 | block size is 16,,,
elapsed time = 133.49 | seconds power is 11 | number of threads is 14 | block size is 16,,,
elapsed time = 136.53 | seconds power is 12 | number of threads is 14 | block size is 16,,,
elapsed time = 139.44 | seconds power is 13 | number of threads is 14 | block size is 16,,,
elapsed time = 142.51 | seconds power is 14 | number of threads is 14 | block size is 16,,,
elapsed time = 145.41 | seconds power is 15 | number of threads is 14 | block size is 16,,,
elapsed time = 148.50 | seconds power is 16 | number of threads is 14 | block size is 16,,,
elapsed time = 151.55 | seconds power is 2 | number of threads is 14 | block size is 32,,,
elapsed time = 154.54 | seconds power is 3 | number of threads is 14 | block size is 32,,,
elapsed time = 157.57 | seconds power is 4 | number of threads is 14 | block size is 32,,,
elapsed time = 160.70 | seconds power is 5 | number of threads is 14 | block size is 32,,,
elapsed time = 163.67 | seconds power is 6 | number of threads is 14 | block size is 32,,,
elapsed time = 166.75 | seconds power is 7 | number of threads is 14 | block size is 32,,,
elapsed time = 169.76 | seconds power is 8 | number of threads is 14 | block size is 32,,,
elapsed time = 172.79 | seconds power is 9 | number of threads is 14 | block size is 32,,,
elapsed time = 175.79 | seconds power is 10 | number of threads is 14 | block size is 32,,,
elapsed time = 178.91 | seconds power is 11 | number of threads is 14 | block size is 32,,,
elapsed time = 181.89 | seconds power is 12 | number of threads is 14 | block size is 32,,,
elapsed time = 184.97 | seconds power is 13 | number of threads is 14 | block size is 32,,,
elapsed time = 187.96 | seconds power is 14 | number of threads is 14 | block size is 32,,,
elapsed time = 191.12 | seconds power is 15 | number of threads is 14 | block size is 32,,,
elapsed time = 194.06 | seconds power is 16 | number of threads is 14 | block size is 32,,,
elapsed time = 197.29 | seconds power is 2 | number of threads is 14 | block size is 64,,,
elapsed time = 200.63 | seconds power is 3 | number of threads is 14 | block size is 64,,,
elapsed time = 203.85 | seconds power is 4 | number of threads is 14 | block size is 64,,,
elapsed time = 207.06 | seconds power is 5 | number of threads is 14 | block size is 64,,,
elapsed time = 210.24 | seconds power is 6 | number of threads is 14 | block size is 64,,,
elapsed time = 213.45 | seconds power is 7 | number of threads is 14 | block size is 64,,,
elapsed time = 216.80 | seconds power is 8 | number of threads is 14 | block size is 64,,,
elapsed time = 220.03 | seconds power is 9 | number of threads is 14 | block size is 64,,,
elapsed time = 223.40 | seconds power is 10 | number of threads is 14 | block size is 64,,,
elapsed time = 226.55 | seconds power is 11 | number of threads is 14 | block size is 64,,,
elapsed time = 229.88 | seconds power is 12 | number of threads is 14 | block size is 64,,,
elapsed time = 233.06 | seconds power is 13 | number of threads is 14 | block size is 64,,,
elapsed time = 236.26 | seconds power is 14 | number of threads is 14 | block size is 64,,,
elapsed time = 239.55 | seconds power is 15 | number of threads is 14 | block size is 64,,,
elapsed time = 242.74 | seconds power is 16 | number of threads is 14 | block size is 64,,,
2048 14 thread done,,,
elapsed time = 3.53 | seconds power is 2 | number of threads is 16 | block size is 4,,,
elapsed time = 7.13 | seconds power is 3 | number of threads is 16 | block size is 4,,,
elapsed time = 10.75 | seconds power is 4 | number of threads is 16 | block size is 4,,,
elapsed time = 14.32 | seconds power is 5 | number of threads is 16 | block size is 4,,,
elapsed time = 17.90 | seconds power is 6 | number of threads is 16 | block size is 4,,,
elapsed time = 21.47 | seconds power is 7 | number of threads is 16 | block size is 4,,,
elapsed time = 25.08 | seconds power is 8 | number of threads is 16 | block size is 4,,,
elapsed time = 28.61 | seconds power is 9 | number of threads is 16 | block size is 4,,,
elapsed time = 32.24 | seconds power is 10 | number of threads is 16 | block size is 4,,,
elapsed time = 35.83 | seconds power is 11 | number of threads is 16 | block size is 4,,,
elapsed time = 39.52 | seconds power is 12 | number of threads is 16 | block size is 4,,,
elapsed time = 43.11 | seconds power is 13 | number of threads is 16 | block size is 4,,,
elapsed time = 46.71 | seconds power is 14 | number of threads is 16 | block size is 4,,,
elapsed time = 50.28 | seconds power is 15 | number of threads is 16 | block size is 4,,,
elapsed time = 53.93 | seconds power is 16 | number of threads is 16 | block size is 4,,,
elapsed time = 56.81 | seconds power is 2 | number of threads is 16 | block size is 8,,,
elapsed time = 59.72 | seconds power is 3 | number of threads is 16 | block size is 8,,,
elapsed time = 62.60 | seconds power is 4 | number of threads is 16 | block size is 8,,,
elapsed time = 65.51 | seconds power is 5 | number of threads is 16 | block size is 8,,,
elapsed time = 68.43 | seconds power is 6 | number of threads is 16 | block size is 8,,,
elapsed time = 71.30 | seconds power is 7 | number of threads is 16 | block size is 8,,,
elapsed time = 74.27 | seconds power is 8 | number of threads is 16 | block size is 8,,,
elapsed time = 77.21 | seconds power is 9 | number of threads is 16 | block size is 8,,,
elapsed time = 80.14 | seconds power is 10 | number of threads is 16 | block size is 8,,,
elapsed time = 83.04 | seconds power is 11 | number of threads is 16 | block size is 8,,,
elapsed time = 85.94 | seconds power is 12 | number of threads is 16 | block size is 8,,,
elapsed time = 88.81 | seconds power is 13 | number of threads is 16 | block size is 8,,,
elapsed time = 91.67 | seconds power is 14 | number of threads is 16 | block size is 8,,,
elapsed time = 94.59 | seconds power is 15 | number of threads is 16 | block size is 8,,,
elapsed time = 97.51 | seconds power is 16 | number of threads is 16 | block size is 8,,,
elapsed time = 100.47 | seconds power is 2 | number of threads is 16 | block size is 16,,,
elapsed time = 103.34 | seconds power is 3 | number of threads is 16 | block size is 16,,,
elapsed time = 106.17 | seconds power is 4 | number of threads is 16 | block size is 16,,,
elapsed time = 109.03 | seconds power is 5 | number of threads is 16 | block size is 16,,,
elapsed time = 111.87 | seconds power is 6 | number of threads is 16 | block size is 16,,,
elapsed time = 114.71 | seconds power is 7 | number of threads is 16 | block size is 16,,,
elapsed time = 117.55 | seconds power is 8 | number of threads is 16 | block size is 16,,,
elapsed time = 120.42 | seconds power is 9 | number of threads is 16 | block size is 16,,,
elapsed time = 123.26 | seconds power is 10 | number of threads is 16 | block size is 16,,,
elapsed time = 126.12 | seconds power is 11 | number of threads is 16 | block size is 16,,,
elapsed time = 128.95 | seconds power is 12 | number of threads is 16 | block size is 16,,,
elapsed time = 131.80 | seconds power is 13 | number of threads is 16 | block size is 16,,,
elapsed time = 134.68 | seconds power is 14 | number of threads is 16 | block size is 16,,,
elapsed time = 137.52 | seconds power is 15 | number of threads is 16 | block size is 16,,,
elapsed time = 140.47 | seconds power is 16 | number of threads is 16 | block size is 16,,,
elapsed time = 143.26 | seconds power is 2 | number of threads is 16 | block size is 32,,,
elapsed time = 146.12 | seconds power is 3 | number of threads is 16 | block size is 32,,,
elapsed time = 148.95 | seconds power is 4 | number of threads is 16 | block size is 32,,,
elapsed time = 151.77 | seconds power is 5 | number of threads is 16 | block size is 32,,,
elapsed time = 154.60 | seconds power is 6 | number of threads is 16 | block size is 32,,,
elapsed time = 157.42 | seconds power is 7 | number of threads is 16 | block size is 32,,,
elapsed time = 160.23 | seconds power is 8 | number of threads is 16 | block size is 32,,,
elapsed time = 163.08 | seconds power is 9 | number of threads is 16 | block size is 32,,,
elapsed time = 165.92 | seconds power is 10 | number of threads is 16 | block size is 32,,,
elapsed time = 168.80 | seconds power is 11 | number of threads is 16 | block size is 32,,,
elapsed time = 171.62 | seconds power is 12 | number of threads is 16 | block size is 32,,,
elapsed time = 174.43 | seconds power is 13 | number of threads is 16 | block size is 32,,,
elapsed time = 177.23 | seconds power is 14 | number of threads is 16 | block size is 32,,,
elapsed time = 180.05 | seconds power is 15 | number of threads is 16 | block size is 32,,,
elapsed time = 182.92 | seconds power is 16 | number of threads is 16 | block size is 32,,,
elapsed time = 185.75 | seconds power is 2 | number of threads is 16 | block size is 64,,,
elapsed time = 188.48 | seconds power is 3 | number of threads is 16 | block size is 64,,,
elapsed time = 191.29 | seconds power is 4 | number of threads is 16 | block size is 64,,,
elapsed time = 194.15 | seconds power is 5 | number of threads is 16 | block size is 64,,,
elapsed time = 196.96 | seconds power is 6 | number of threads is 16 | block size is 64,,,
elapsed time = 199.79 | seconds power is 7 | number of threads is 16 | block size is 64,,,
elapsed time = 202.62 | seconds power is 8 | number of threads is 16 | block size is 64,,,
elapsed time = 205.53 | seconds power is 9 | number of threads is 16 | block size is 64,,,
elapsed time = 208.31 | seconds power is 10 | number of threads is 16 | block size is 64,,,
elapsed time = 211.06 | seconds power is 11 | number of threads is 16 | block size is 64,,,
elapsed time = 213.87 | seconds power is 12 | number of threads is 16 | block size is 64,,,
elapsed time = 216.61 | seconds power is 13 | number of threads is 16 | block size is 64,,,
elapsed time = 219.43 | seconds power is 14 | number of threads is 16 | block size is 64,,,
elapsed time = 222.25 | seconds power is 15 | number of threads is 16 | block size is 64,,,
elapsed time = 225.09 | seconds power is 16 | number of threads is 16 | block size is 64,,,
2048 16 thread done,,,
