2048x2048 bmm 1,,,
elapsed time,power,no of threads,
33.51,2,1, block size is 4
66.36,3,1, block size is 4
99.34,4,1, block size is 4
132.36,5,1, block size is 4
165.3,6,1, block size is 4
198.28,7,1, block size is 4
231.06,8,1, block size is 4
263.92,9,1, block size is 4
296.76,10,1, block size is 4
330.58,11,1, block size is 4
365.16,12,1, block size is 4
397.94,13,1, block size is 4
430.81,14,1, block size is 4
463.52,15,1, block size is 4
496.11,16,1, block size is 4
517.88,2,1, block size is 8
539.64,3,1, block size is 8
561.41,4,1, block size is 8
583.18,5,1, block size is 8
604.95,6,1, block size is 8
626.74,7,1, block size is 8
648.53,8,1, block size is 8
670.36,9,1, block size is 8
692.16,10,1, block size is 8
713.98,11,1, block size is 8
735.76,12,1, block size is 8
757.53,13,1, block size is 8
779.31,14,1, block size is 8
801.12,15,1, block size is 8
822.89,16,1, block size is 8
843.25,2,1, block size is 16
863.66,3,1, block size is 16
884.03,4,1, block size is 16
904.4,5,1, block size is 16
924.77,6,1, block size is 16
945.13,7,1, block size is 16
965.5,8,1, block size is 16
985.87,9,1, block size is 16
1006.24,10,1, block size is 16
1026.62,11,1, block size is 16
1047,12,1, block size is 16
1067.37,13,1, block size is 16
1087.74,14,1, block size is 16
1108.13,15,1, block size is 16
1128.49,16,1, block size is 16
1148.84,2,1, block size is 32
1169.2,3,1, block size is 32
1189.56,4,1, block size is 32
1209.92,5,1, block size is 32
1230.28,6,1, block size is 32
1250.63,7,1, block size is 32
1271.01,8,1, block size is 32
1291.36,9,1, block size is 32
1311.71,10,1, block size is 32
1332.07,11,1, block size is 32
1352.42,12,1, block size is 32
1372.77,13,1, block size is 32
1393.13,14,1, block size is 32
1413.48,15,1, block size is 32
1433.83,16,1, block size is 32
1453.7,2,1, block size is 64
1473.57,3,1, block size is 64
1493.43,4,1, block size is 64
1513.3,5,1, block size is 64
1533.18,6,1, block size is 64
1553.06,7,1, block size is 64
1572.93,8,1, block size is 64
1592.8,9,1, block size is 64
1612.66,10,1, block size is 64
1632.53,11,1, block size is 64
1652.39,12,1, block size is 64
1672.25,13,1, block size is 64
1692.12,14,1, block size is 64
1712.01,15,1, block size is 64
1731.87,16,1, block size is 64
2048 1 thread done,,,
17.79,2,2, block size is 4
35.56,3,2, block size is 4
53.33,4,2, block size is 4
71.1,5,2, block size is 4
88.88,6,2, block size is 4
106.63,7,2, block size is 4
124.39,8,2, block size is 4
142.14,9,2, block size is 4
159.86,10,2, block size is 4
177.73,11,2, block size is 4
195.61,12,2, block size is 4
213.35,13,2, block size is 4
231.09,14,2, block size is 4
248.85,15,2, block size is 4
266.61,16,2, block size is 4
277.02,2,2, block size is 8
287.42,3,2, block size is 8
297.82,4,2, block size is 8
308.23,5,2, block size is 8
318.63,6,2, block size is 8
329.02,7,2, block size is 8
339.43,8,2, block size is 8
349.83,9,2, block size is 8
360.23,10,2, block size is 8
370.65,11,2, block size is 8
381.06,12,2, block size is 8
391.45,13,2, block size is 8
401.86,14,2, block size is 8
412.25,15,2, block size is 8
422.65,16,2, block size is 8
432.54,2,2, block size is 16
442.42,3,2, block size is 16
452.31,4,2, block size is 16
462.24,5,2, block size is 16
472.17,6,2, block size is 16
482.1,7,2, block size is 16
492.01,8,2, block size is 16
501.89,9,2, block size is 16
511.77,10,2, block size is 16
521.66,11,2, block size is 16
531.56,12,2, block size is 16
541.46,13,2, block size is 16
551.37,14,2, block size is 16
561.27,15,2, block size is 16
571.16,16,2, block size is 16
581.33,2,2, block size is 32
591.5,3,2, block size is 32
601.64,4,2, block size is 32
611.79,5,2, block size is 32
621.93,6,2, block size is 32
632.07,7,2, block size is 32
642.22,8,2, block size is 32
652.36,9,2, block size is 32
662.5,10,2, block size is 32
672.64,11,2, block size is 32
682.8,12,2, block size is 32
692.94,13,2, block size is 32
703.09,14,2, block size is 32
713.25,15,2, block size is 32
723.41,16,2, block size is 32
733.32,2,2, block size is 64
743.27,3,2, block size is 64
753.2,4,2, block size is 64
763.11,5,2, block size is 64
773.03,6,2, block size is 64
782.98,7,2, block size is 64
792.9,8,2, block size is 64
802.82,9,2, block size is 64
elapsed time = 812.73 | seconds power is 10 | number of threads is 2 | block size is 64,,,
elapsed time = 822.65 | seconds power is 11 | number of threads is 2 | block size is 64,,,
elapsed time = 832.57 | seconds power is 12 | number of threads is 2 | block size is 64,,,
elapsed time = 842.49 | seconds power is 13 | number of threads is 2 | block size is 64,,,
elapsed time = 852.40 | seconds power is 14 | number of threads is 2 | block size is 64,,,
elapsed time = 862.32 | seconds power is 15 | number of threads is 2 | block size is 64,,,
elapsed time = 872.24 | seconds power is 16 | number of threads is 2 | block size is 64,,,
2048 2 thread done,,,
elapsed time = 8.72 | seconds power is 2 | number of threads is 4 | block size is 4,,,
elapsed time = 17.35 | seconds power is 3 | number of threads is 4 | block size is 4,,,
elapsed time = 25.97 | seconds power is 4 | number of threads is 4 | block size is 4,,,
elapsed time = 34.60 | seconds power is 5 | number of threads is 4 | block size is 4,,,
elapsed time = 43.22 | seconds power is 6 | number of threads is 4 | block size is 4,,,
elapsed time = 51.84 | seconds power is 7 | number of threads is 4 | block size is 4,,,
elapsed time = 60.49 | seconds power is 8 | number of threads is 4 | block size is 4,,,
elapsed time = 69.19 | seconds power is 9 | number of threads is 4 | block size is 4,,,
elapsed time = 77.90 | seconds power is 10 | number of threads is 4 | block size is 4,,,
elapsed time = 86.59 | seconds power is 11 | number of threads is 4 | block size is 4,,,
elapsed time = 95.28 | seconds power is 12 | number of threads is 4 | block size is 4,,,
elapsed time = 103.97 | seconds power is 13 | number of threads is 4 | block size is 4,,,
elapsed time = 112.66 | seconds power is 14 | number of threads is 4 | block size is 4,,,
elapsed time = 121.37 | seconds power is 15 | number of threads is 4 | block size is 4,,,
elapsed time = 130.06 | seconds power is 16 | number of threads is 4 | block size is 4,,,
elapsed time = 135.57 | seconds power is 2 | number of threads is 4 | block size is 8,,,
elapsed time = 141.08 | seconds power is 3 | number of threads is 4 | block size is 8,,,
elapsed time = 146.60 | seconds power is 4 | number of threads is 4 | block size is 8,,,
elapsed time = 152.11 | seconds power is 5 | number of threads is 4 | block size is 8,,,
elapsed time = 157.63 | seconds power is 6 | number of threads is 4 | block size is 8,,,
elapsed time = 163.14 | seconds power is 7 | number of threads is 4 | block size is 8,,,
elapsed time = 168.66 | seconds power is 8 | number of threads is 4 | block size is 8,,,
elapsed time = 174.17 | seconds power is 9 | number of threads is 4 | block size is 8,,,
elapsed time = 179.69 | seconds power is 10 | number of threads is 4 | block size is 8,,,
elapsed time = 185.20 | seconds power is 11 | number of threads is 4 | block size is 8,,,
elapsed time = 190.72 | seconds power is 12 | number of threads is 4 | block size is 8,,,
elapsed time = 196.33 | seconds power is 13 | number of threads is 4 | block size is 8,,,
elapsed time = 201.86 | seconds power is 14 | number of threads is 4 | block size is 8,,,
elapsed time = 207.38 | seconds power is 15 | number of threads is 4 | block size is 8,,,
elapsed time = 212.90 | seconds power is 16 | number of threads is 4 | block size is 8,,,
elapsed time = 218.27 | seconds power is 2 | number of threads is 4 | block size is 16,,,
elapsed time = 223.64 | seconds power is 3 | number of threads is 4 | block size is 16,,,
elapsed time = 229.02 | seconds power is 4 | number of threads is 4 | block size is 16,,,
elapsed time = 234.39 | seconds power is 5 | number of threads is 4 | block size is 16,,,
elapsed time = 239.76 | seconds power is 6 | number of threads is 4 | block size is 16,,,
elapsed time = 245.12 | seconds power is 7 | number of threads is 4 | block size is 16,,,
elapsed time = 250.50 | seconds power is 8 | number of threads is 4 | block size is 16,,,
elapsed time = 255.87 | seconds power is 9 | number of threads is 4 | block size is 16,,,
elapsed time = 261.24 | seconds power is 10 | number of threads is 4 | block size is 16,,,
elapsed time = 266.62 | seconds power is 11 | number of threads is 4 | block size is 16,,,
elapsed time = 271.99 | seconds power is 12 | number of threads is 4 | block size is 16,,,
elapsed time = 277.36 | seconds power is 13 | number of threads is 4 | block size is 16,,,
elapsed time = 282.73 | seconds power is 14 | number of threads is 4 | block size is 16,,,
elapsed time = 288.09 | seconds power is 15 | number of threads is 4 | block size is 16,,,
elapsed time = 293.48 | seconds power is 16 | number of threads is 4 | block size is 16,,,
elapsed time = 299.05 | seconds power is 2 | number of threads is 4 | block size is 32,,,
elapsed time = 304.58 | seconds power is 3 | number of threads is 4 | block size is 32,,,
elapsed time = 310.09 | seconds power is 4 | number of threads is 4 | block size is 32,,,
elapsed time = 315.60 | seconds power is 5 | number of threads is 4 | block size is 32,,,
elapsed time = 321.12 | seconds power is 6 | number of threads is 4 | block size is 32,,,
elapsed time = 326.63 | seconds power is 7 | number of threads is 4 | block size is 32,,,
elapsed time = 332.14 | seconds power is 8 | number of threads is 4 | block size is 32,,,
elapsed time = 337.66 | seconds power is 9 | number of threads is 4 | block size is 32,,,
elapsed time = 343.16 | seconds power is 10 | number of threads is 4 | block size is 32,,,
elapsed time = 348.67 | seconds power is 11 | number of threads is 4 | block size is 32,,,
elapsed time = 354.18 | seconds power is 12 | number of threads is 4 | block size is 32,,,
elapsed time = 359.69 | seconds power is 13 | number of threads is 4 | block size is 32,,,
elapsed time = 365.20 | seconds power is 14 | number of threads is 4 | block size is 32,,,
elapsed time = 370.71 | seconds power is 15 | number of threads is 4 | block size is 32,,,
elapsed time = 376.22 | seconds power is 16 | number of threads is 4 | block size is 32,,,
elapsed time = 381.60 | seconds power is 2 | number of threads is 4 | block size is 64,,,
elapsed time = 386.98 | seconds power is 3 | number of threads is 4 | block size is 64,,,
elapsed time = 392.37 | seconds power is 4 | number of threads is 4 | block size is 64,,,
elapsed time = 397.74 | seconds power is 5 | number of threads is 4 | block size is 64,,,
elapsed time = 403.13 | seconds power is 6 | number of threads is 4 | block size is 64,,,
elapsed time = 408.50 | seconds power is 7 | number of threads is 4 | block size is 64,,,
elapsed time = 413.88 | seconds power is 8 | number of threads is 4 | block size is 64,,,
elapsed time = 419.26 | seconds power is 9 | number of threads is 4 | block size is 64,,,
elapsed time = 424.71 | seconds power is 10 | number of threads is 4 | block size is 64,,,
elapsed time = 430.25 | seconds power is 11 | number of threads is 4 | block size is 64,,,
elapsed time = 435.74 | seconds power is 12 | number of threads is 4 | block size is 64,,,
elapsed time = 441.17 | seconds power is 13 | number of threads is 4 | block size is 64,,,
elapsed time = 446.65 | seconds power is 14 | number of threads is 4 | block size is 64,,,
elapsed time = 452.14 | seconds power is 15 | number of threads is 4 | block size is 64,,,
elapsed time = 457.56 | seconds power is 16 | number of threads is 4 | block size is 64,,,
2048 4 thread done,,,
elapsed time = 6.22 | seconds power is 2 | number of threads is 6 | block size is 4,,,
elapsed time = 12.44 | seconds power is 3 | number of threads is 6 | block size is 4,,,
elapsed time = 18.50 | seconds power is 4 | number of threads is 6 | block size is 4,,,
elapsed time = 24.56 | seconds power is 5 | number of threads is 6 | block size is 4,,,
elapsed time = 30.61 | seconds power is 6 | number of threads is 6 | block size is 4,,,
elapsed time = 36.67 | seconds power is 7 | number of threads is 6 | block size is 4,,,
elapsed time = 42.79 | seconds power is 8 | number of threads is 6 | block size is 4,,,
elapsed time = 48.91 | seconds power is 9 | number of threads is 6 | block size is 4,,,
elapsed time = 55.13 | seconds power is 10 | number of threads is 6 | block size is 4,,,
elapsed time = 61.35 | seconds power is 11 | number of threads is 6 | block size is 4,,,
elapsed time = 67.42 | seconds power is 12 | number of threads is 6 | block size is 4,,,
elapsed time = 73.49 | seconds power is 13 | number of threads is 6 | block size is 4,,,
elapsed time = 79.57 | seconds power is 14 | number of threads is 6 | block size is 4,,,
elapsed time = 85.68 | seconds power is 15 | number of threads is 6 | block size is 4,,,
elapsed time = 91.76 | seconds power is 16 | number of threads is 6 | block size is 4,,,
elapsed time = 96.08 | seconds power is 2 | number of threads is 6 | block size is 8,,,
elapsed time = 100.45 | seconds power is 3 | number of threads is 6 | block size is 8,,,
elapsed time = 104.83 | seconds power is 4 | number of threads is 6 | block size is 8,,,
elapsed time = 109.20 | seconds power is 5 | number of threads is 6 | block size is 8,,,
elapsed time = 113.55 | seconds power is 6 | number of threads is 6 | block size is 8,,,
elapsed time = 117.88 | seconds power is 7 | number of threads is 6 | block size is 8,,,
elapsed time = 122.23 | seconds power is 8 | number of threads is 6 | block size is 8,,,
elapsed time = 126.53 | seconds power is 9 | number of threads is 6 | block size is 8,,,
elapsed time = 130.91 | seconds power is 10 | number of threads is 6 | block size is 8,,,
elapsed time = 135.22 | seconds power is 11 | number of threads is 6 | block size is 8,,,
elapsed time = 139.58 | seconds power is 12 | number of threads is 6 | block size is 8,,,
elapsed time = 143.98 | seconds power is 13 | number of threads is 6 | block size is 8,,,
elapsed time = 148.34 | seconds power is 14 | number of threads is 6 | block size is 8,,,
elapsed time = 152.71 | seconds power is 15 | number of threads is 6 | block size is 8,,,
elapsed time = 157.05 | seconds power is 16 | number of threads is 6 | block size is 8,,,
elapsed time = 161.28 | seconds power is 2 | number of threads is 6 | block size is 16,,,
elapsed time = 165.49 | seconds power is 3 | number of threads is 6 | block size is 16,,,
elapsed time = 169.70 | seconds power is 4 | number of threads is 6 | block size is 16,,,
elapsed time = 173.89 | seconds power is 5 | number of threads is 6 | block size is 16,,,
elapsed time = 178.06 | seconds power is 6 | number of threads is 6 | block size is 16,,,
elapsed time = 182.27 | seconds power is 7 | number of threads is 6 | block size is 16,,,
elapsed time = 186.46 | seconds power is 8 | number of threads is 6 | block size is 16,,,
elapsed time = 190.65 | seconds power is 9 | number of threads is 6 | block size is 16,,,
elapsed time = 194.86 | seconds power is 10 | number of threads is 6 | block size is 16,,,
elapsed time = 199.04 | seconds power is 11 | number of threads is 6 | block size is 16,,,
elapsed time = 203.22 | seconds power is 12 | number of threads is 6 | block size is 16,,,
elapsed time = 207.41 | seconds power is 13 | number of threads is 6 | block size is 16,,,
elapsed time = 211.59 | seconds power is 14 | number of threads is 6 | block size is 16,,,
elapsed time = 215.81 | seconds power is 15 | number of threads is 6 | block size is 16,,,
elapsed time = 219.99 | seconds power is 16 | number of threads is 6 | block size is 16,,,
elapsed time = 224.24 | seconds power is 2 | number of threads is 6 | block size is 32,,,
elapsed time = 228.48 | seconds power is 3 | number of threads is 6 | block size is 32,,,
elapsed time = 232.74 | seconds power is 4 | number of threads is 6 | block size is 32,,,
elapsed time = 237.00 | seconds power is 5 | number of threads is 6 | block size is 32,,,
elapsed time = 241.28 | seconds power is 6 | number of threads is 6 | block size is 32,,,
elapsed time = 245.57 | seconds power is 7 | number of threads is 6 | block size is 32,,,
elapsed time = 249.88 | seconds power is 8 | number of threads is 6 | block size is 32,,,
elapsed time = 254.13 | seconds power is 9 | number of threads is 6 | block size is 32,,,
elapsed time = 258.40 | seconds power is 10 | number of threads is 6 | block size is 32,,,
elapsed time = 262.66 | seconds power is 11 | number of threads is 6 | block size is 32,,,
elapsed time = 266.90 | seconds power is 12 | number of threads is 6 | block size is 32,,,
elapsed time = 271.15 | seconds power is 13 | number of threads is 6 | block size is 32,,,
elapsed time = 275.39 | seconds power is 14 | number of threads is 6 | block size is 32,,,
elapsed time = 279.62 | seconds power is 15 | number of threads is 6 | block size is 32,,,
elapsed time = 283.86 | seconds power is 16 | number of threads is 6 | block size is 32,,,
elapsed time = 288.20 | seconds power is 2 | number of threads is 6 | block size is 64,,,
elapsed time = 292.76 | seconds power is 3 | number of threads is 6 | block size is 64,,,
elapsed time = 297.21 | seconds power is 4 | number of threads is 6 | block size is 64,,,
elapsed time = 301.60 | seconds power is 5 | number of threads is 6 | block size is 64,,,
elapsed time = 305.98 | seconds power is 6 | number of threads is 6 | block size is 64,,,
elapsed time = 310.48 | seconds power is 7 | number of threads is 6 | block size is 64,,,
elapsed time = 314.83 | seconds power is 8 | number of threads is 6 | block size is 64,,,
elapsed time = 319.19 | seconds power is 9 | number of threads is 6 | block size is 64,,,
elapsed time = 323.74 | seconds power is 10 | number of threads is 6 | block size is 64,,,
elapsed time = 328.09 | seconds power is 11 | number of threads is 6 | block size is 64,,,
elapsed time = 332.44 | seconds power is 12 | number of threads is 6 | block size is 64,,,
elapsed time = 336.88 | seconds power is 13 | number of threads is 6 | block size is 64,,,
elapsed time = 341.25 | seconds power is 14 | number of threads is 6 | block size is 64,,,
elapsed time = 345.62 | seconds power is 15 | number of threads is 6 | block size is 64,,,
elapsed time = 350.00 | seconds power is 16 | number of threads is 6 | block size is 64,,,
2048 6 thread done,,,
elapsed time = 4.93 | seconds power is 2 | number of threads is 8 | block size is 4,,,
elapsed time = 9.87 | seconds power is 3 | number of threads is 8 | block size is 4,,,
elapsed time = 14.81 | seconds power is 4 | number of threads is 8 | block size is 4,,,
elapsed time = 19.75 | seconds power is 5 | number of threads is 8 | block size is 4,,,
elapsed time = 24.70 | seconds power is 6 | number of threads is 8 | block size is 4,,,
elapsed time = 29.64 | seconds power is 7 | number of threads is 8 | block size is 4,,,
elapsed time = 34.58 | seconds power is 8 | number of threads is 8 | block size is 4,,,
elapsed time = 39.51 | seconds power is 9 | number of threads is 8 | block size is 4,,,
elapsed time = 44.46 | seconds power is 10 | number of threads is 8 | block size is 4,,,
elapsed time = 49.40 | seconds power is 11 | number of threads is 8 | block size is 4,,,
elapsed time = 54.33 | seconds power is 12 | number of threads is 8 | block size is 4,,,
elapsed time = 59.28 | seconds power is 13 | number of threads is 8 | block size is 4,,,
elapsed time = 64.22 | seconds power is 14 | number of threads is 8 | block size is 4,,,
elapsed time = 69.16 | seconds power is 15 | number of threads is 8 | block size is 4,,,
elapsed time = 74.11 | seconds power is 16 | number of threads is 8 | block size is 4,,,
elapsed time = 77.57 | seconds power is 2 | number of threads is 8 | block size is 8,,,
elapsed time = 81.03 | seconds power is 3 | number of threads is 8 | block size is 8,,,
elapsed time = 84.53 | seconds power is 4 | number of threads is 8 | block size is 8,,,
elapsed time = 88.05 | seconds power is 5 | number of threads is 8 | block size is 8,,,
elapsed time = 91.52 | seconds power is 6 | number of threads is 8 | block size is 8,,,
elapsed time = 94.99 | seconds power is 7 | number of threads is 8 | block size is 8,,,
elapsed time = 98.50 | seconds power is 8 | number of threads is 8 | block size is 8,,,
elapsed time = 102.03 | seconds power is 9 | number of threads is 8 | block size is 8,,,
elapsed time = 105.50 | seconds power is 10 | number of threads is 8 | block size is 8,,,
elapsed time = 108.96 | seconds power is 11 | number of threads is 8 | block size is 8,,,
elapsed time = 112.43 | seconds power is 12 | number of threads is 8 | block size is 8,,,
elapsed time = 115.94 | seconds power is 13 | number of threads is 8 | block size is 8,,,
elapsed time = 119.41 | seconds power is 14 | number of threads is 8 | block size is 8,,,
elapsed time = 122.88 | seconds power is 15 | number of threads is 8 | block size is 8,,,
elapsed time = 126.39 | seconds power is 16 | number of threads is 8 | block size is 8,,,
elapsed time = 129.78 | seconds power is 2 | number of threads is 8 | block size is 16,,,
elapsed time = 133.17 | seconds power is 3 | number of threads is 8 | block size is 16,,,
elapsed time = 136.56 | seconds power is 4 | number of threads is 8 | block size is 16,,,
elapsed time = 139.95 | seconds power is 5 | number of threads is 8 | block size is 16,,,
elapsed time = 143.32 | seconds power is 6 | number of threads is 8 | block size is 16,,,
elapsed time = 146.71 | seconds power is 7 | number of threads is 8 | block size is 16,,,
elapsed time = 150.12 | seconds power is 8 | number of threads is 8 | block size is 16,,,
elapsed time = 153.51 | seconds power is 9 | number of threads is 8 | block size is 16,,,
elapsed time = 156.90 | seconds power is 10 | number of threads is 8 | block size is 16,,,
elapsed time = 160.29 | seconds power is 11 | number of threads is 8 | block size is 16,,,
elapsed time = 163.67 | seconds power is 12 | number of threads is 8 | block size is 16,,,
elapsed time = 167.07 | seconds power is 13 | number of threads is 8 | block size is 16,,,
elapsed time = 170.47 | seconds power is 14 | number of threads is 8 | block size is 16,,,
elapsed time = 173.87 | seconds power is 15 | number of threads is 8 | block size is 16,,,
elapsed time = 177.26 | seconds power is 16 | number of threads is 8 | block size is 16,,,
elapsed time = 180.68 | seconds power is 2 | number of threads is 8 | block size is 32,,,
elapsed time = 184.10 | seconds power is 3 | number of threads is 8 | block size is 32,,,
elapsed time = 187.54 | seconds power is 4 | number of threads is 8 | block size is 32,,,
elapsed time = 190.96 | seconds power is 5 | number of threads is 8 | block size is 32,,,
elapsed time = 194.39 | seconds power is 6 | number of threads is 8 | block size is 32,,,
elapsed time = 197.82 | seconds power is 7 | number of threads is 8 | block size is 32,,,
elapsed time = 201.25 | seconds power is 8 | number of threads is 8 | block size is 32,,,
elapsed time = 204.67 | seconds power is 9 | number of threads is 8 | block size is 32,,,
elapsed time = 208.11 | seconds power is 10 | number of threads is 8 | block size is 32,,,
elapsed time = 211.53 | seconds power is 11 | number of threads is 8 | block size is 32,,,
elapsed time = 214.95 | seconds power is 12 | number of threads is 8 | block size is 32,,,
elapsed time = 218.40 | seconds power is 13 | number of threads is 8 | block size is 32,,,
elapsed time = 221.80 | seconds power is 14 | number of threads is 8 | block size is 32,,,
elapsed time = 225.22 | seconds power is 15 | number of threads is 8 | block size is 32,,,
elapsed time = 228.63 | seconds power is 16 | number of threads is 8 | block size is 32,,,
elapsed time = 231.93 | seconds power is 2 | number of threads is 8 | block size is 64,,,
elapsed time = 235.25 | seconds power is 3 | number of threads is 8 | block size is 64,,,
elapsed time = 238.59 | seconds power is 4 | number of threads is 8 | block size is 64,,,
elapsed time = 241.91 | seconds power is 5 | number of threads is 8 | block size is 64,,,
elapsed time = 245.21 | seconds power is 6 | number of threads is 8 | block size is 64,,,
elapsed time = 248.52 | seconds power is 7 | number of threads is 8 | block size is 64,,,
elapsed time = 251.83 | seconds power is 8 | number of threads is 8 | block size is 64,,,
elapsed time = 255.13 | seconds power is 9 | number of threads is 8 | block size is 64,,,
elapsed time = 258.46 | seconds power is 10 | number of threads is 8 | block size is 64,,,
elapsed time = 261.78 | seconds power is 11 | number of threads is 8 | block size is 64,,,
elapsed time = 265.08 | seconds power is 12 | number of threads is 8 | block size is 64,,,
elapsed time = 268.42 | seconds power is 13 | number of threads is 8 | block size is 64,,,
elapsed time = 271.72 | seconds power is 14 | number of threads is 8 | block size is 64,,,
elapsed time = 275.03 | seconds power is 15 | number of threads is 8 | block size is 64,,,
elapsed time = 278.35 | seconds power is 16 | number of threads is 8 | block size is 64,,,
2048 8 thread done,,,
elapsed time = 4.48 | seconds power is 2 | number of threads is 10 | block size is 4,,,
elapsed time = 8.99 | seconds power is 3 | number of threads is 10 | block size is 4,,,
elapsed time = 13.48 | seconds power is 4 | number of threads is 10 | block size is 4,,,
elapsed time = 18.03 | seconds power is 5 | number of threads is 10 | block size is 4,,,
elapsed time = 22.54 | seconds power is 6 | number of threads is 10 | block size is 4,,,
elapsed time = 27.08 | seconds power is 7 | number of threads is 10 | block size is 4,,,
elapsed time = 31.62 | seconds power is 8 | number of threads is 10 | block size is 4,,,
elapsed time = 36.13 | seconds power is 9 | number of threads is 10 | block size is 4,,,
elapsed time = 40.57 | seconds power is 10 | number of threads is 10 | block size is 4,,,
elapsed time = 45.11 | seconds power is 11 | number of threads is 10 | block size is 4,,,
elapsed time = 49.65 | seconds power is 12 | number of threads is 10 | block size is 4,,,
elapsed time = 54.13 | seconds power is 13 | number of threads is 10 | block size is 4,,,
elapsed time = 58.70 | seconds power is 14 | number of threads is 10 | block size is 4,,,
elapsed time = 63.17 | seconds power is 15 | number of threads is 10 | block size is 4,,,
elapsed time = 67.74 | seconds power is 16 | number of threads is 10 | block size is 4,,,
elapsed time = 71.27 | seconds power is 2 | number of threads is 10 | block size is 8,,,
elapsed time = 74.89 | seconds power is 3 | number of threads is 10 | block size is 8,,,
elapsed time = 78.65 | seconds power is 4 | number of threads is 10 | block size is 8,,,
elapsed time = 82.26 | seconds power is 5 | number of threads is 10 | block size is 8,,,
elapsed time = 85.86 | seconds power is 6 | number of threads is 10 | block size is 8,,,
elapsed time = 89.59 | seconds power is 7 | number of threads is 10 | block size is 8,,,
elapsed time = 93.17 | seconds power is 8 | number of threads is 10 | block size is 8,,,
elapsed time = 96.81 | seconds power is 9 | number of threads is 10 | block size is 8,,,
elapsed time = 100.32 | seconds power is 10 | number of threads is 10 | block size is 8,,,
elapsed time = 103.94 | seconds power is 11 | number of threads is 10 | block size is 8,,,
elapsed time = 107.54 | seconds power is 12 | number of threads is 10 | block size is 8,,,
elapsed time = 111.13 | seconds power is 13 | number of threads is 10 | block size is 8,,,
elapsed time = 114.73 | seconds power is 14 | number of threads is 10 | block size is 8,,,
elapsed time = 118.28 | seconds power is 15 | number of threads is 10 | block size is 8,,,
elapsed time = 122.14 | seconds power is 16 | number of threads is 10 | block size is 8,,,
elapsed time = 125.51 | seconds power is 2 | number of threads is 10 | block size is 16,,,
elapsed time = 128.88 | seconds power is 3 | number of threads is 10 | block size is 16,,,
elapsed time = 132.34 | seconds power is 4 | number of threads is 10 | block size is 16,,,
elapsed time = 135.76 | seconds power is 5 | number of threads is 10 | block size is 16,,,
elapsed time = 139.22 | seconds power is 6 | number of threads is 10 | block size is 16,,,
elapsed time = 142.66 | seconds power is 7 | number of threads is 10 | block size is 16,,,
elapsed time = 146.07 | seconds power is 8 | number of threads is 10 | block size is 16,,,
elapsed time = 149.71 | seconds power is 9 | number of threads is 10 | block size is 16,,,
elapsed time = 153.14 | seconds power is 10 | number of threads is 10 | block size is 16,,,
elapsed time = 156.59 | seconds power is 11 | number of threads is 10 | block size is 16,,,
elapsed time = 159.97 | seconds power is 12 | number of threads is 10 | block size is 16,,,
elapsed time = 163.40 | seconds power is 13 | number of threads is 10 | block size is 16,,,
elapsed time = 166.80 | seconds power is 14 | number of threads is 10 | block size is 16,,,
elapsed time = 170.33 | seconds power is 15 | number of threads is 10 | block size is 16,,,
elapsed time = 173.69 | seconds power is 16 | number of threads is 10 | block size is 16,,,
elapsed time = 176.91 | seconds power is 2 | number of threads is 10 | block size is 32,,,
elapsed time = 180.41 | seconds power is 3 | number of threads is 10 | block size is 32,,,
elapsed time = 183.90 | seconds power is 4 | number of threads is 10 | block size is 32,,,
elapsed time = 187.08 | seconds power is 5 | number of threads is 10 | block size is 32,,,
elapsed time = 190.61 | seconds power is 6 | number of threads is 10 | block size is 32,,,
elapsed time = 194.09 | seconds power is 7 | number of threads is 10 | block size is 32,,,
elapsed time = 197.77 | seconds power is 8 | number of threads is 10 | block size is 32,,,
elapsed time = 201.22 | seconds power is 9 | number of threads is 10 | block size is 32,,,
elapsed time = 204.71 | seconds power is 10 | number of threads is 10 | block size is 32,,,
elapsed time = 208.19 | seconds power is 11 | number of threads is 10 | block size is 32,,,
elapsed time = 211.69 | seconds power is 12 | number of threads is 10 | block size is 32,,,
elapsed time = 215.20 | seconds power is 13 | number of threads is 10 | block size is 32,,,
elapsed time = 218.90 | seconds power is 14 | number of threads is 10 | block size is 32,,,
elapsed time = 222.34 | seconds power is 15 | number of threads is 10 | block size is 32,,,
elapsed time = 225.84 | seconds power is 16 | number of threads is 10 | block size is 32,,,
elapsed time = 229.45 | seconds power is 2 | number of threads is 10 | block size is 64,,,
elapsed time = 232.71 | seconds power is 3 | number of threads is 10 | block size is 64,,,
elapsed time = 236.48 | seconds power is 4 | number of threads is 10 | block size is 64,,,
elapsed time = 239.47 | seconds power is 5 | number of threads is 10 | block size is 64,,,
elapsed time = 242.72 | seconds power is 6 | number of threads is 10 | block size is 64,,,
elapsed time = 246.27 | seconds power is 7 | number of threads is 10 | block size is 64,,,
elapsed time = 249.89 | seconds power is 8 | number of threads is 10 | block size is 64,,,
elapsed time = 253.67 | seconds power is 9 | number of threads is 10 | block size is 64,,,
elapsed time = 257.29 | seconds power is 10 | number of threads is 10 | block size is 64,,,
elapsed time = 261.03 | seconds power is 11 | number of threads is 10 | block size is 64,,,
elapsed time = 264.48 | seconds power is 12 | number of threads is 10 | block size is 64,,,
elapsed time = 268.32 | seconds power is 13 | number of threads is 10 | block size is 64,,,
elapsed time = 271.65 | seconds power is 14 | number of threads is 10 | block size is 64,,,
elapsed time = 274.92 | seconds power is 15 | number of threads is 10 | block size is 64,,,
elapsed time = 278.52 | seconds power is 16 | number of threads is 10 | block size is 64,,,
2048 10 thread done,,,
elapsed time = 3.97 | seconds power is 2 | number of threads is 12 | block size is 4,,,
elapsed time = 7.95 | seconds power is 3 | number of threads is 12 | block size is 4,,,
elapsed time = 11.98 | seconds power is 4 | number of threads is 12 | block size is 4,,,
elapsed time = 15.99 | seconds power is 5 | number of threads is 12 | block size is 4,,,
elapsed time = 19.96 | seconds power is 6 | number of threads is 12 | block size is 4,,,
elapsed time = 23.93 | seconds power is 7 | number of threads is 12 | block size is 4,,,
elapsed time = 27.92 | seconds power is 8 | number of threads is 12 | block size is 4,,,
elapsed time = 31.89 | seconds power is 9 | number of threads is 12 | block size is 4,,,
elapsed time = 35.82 | seconds power is 10 | number of threads is 12 | block size is 4,,,
elapsed time = 39.76 | seconds power is 11 | number of threads is 12 | block size is 4,,,
elapsed time = 43.73 | seconds power is 12 | number of threads is 12 | block size is 4,,,
elapsed time = 47.71 | seconds power is 13 | number of threads is 12 | block size is 4,,,
elapsed time = 51.72 | seconds power is 14 | number of threads is 12 | block size is 4,,,
elapsed time = 55.67 | seconds power is 15 | number of threads is 12 | block size is 4,,,
elapsed time = 59.68 | seconds power is 16 | number of threads is 12 | block size is 4,,,
elapsed time = 62.80 | seconds power is 2 | number of threads is 12 | block size is 8,,,
elapsed time = 65.99 | seconds power is 3 | number of threads is 12 | block size is 8,,,
elapsed time = 69.17 | seconds power is 4 | number of threads is 12 | block size is 8,,,
elapsed time = 72.33 | seconds power is 5 | number of threads is 12 | block size is 8,,,
elapsed time = 75.49 | seconds power is 6 | number of threads is 12 | block size is 8,,,
elapsed time = 78.72 | seconds power is 7 | number of threads is 12 | block size is 8,,,
elapsed time = 81.81 | seconds power is 8 | number of threads is 12 | block size is 8,,,
elapsed time = 84.99 | seconds power is 9 | number of threads is 12 | block size is 8,,,
elapsed time = 88.20 | seconds power is 10 | number of threads is 12 | block size is 8,,,
elapsed time = 91.37 | seconds power is 11 | number of threads is 12 | block size is 8,,,
elapsed time = 94.47 | seconds power is 12 | number of threads is 12 | block size is 8,,,
elapsed time = 97.66 | seconds power is 13 | number of threads is 12 | block size is 8,,,
elapsed time = 100.88 | seconds power is 14 | number of threads is 12 | block size is 8,,,
elapsed time = 104.05 | seconds power is 15 | number of threads is 12 | block size is 8,,,
elapsed time = 107.13 | seconds power is 16 | number of threads is 12 | block size is 8,,,
elapsed time = 110.24 | seconds power is 2 | number of threads is 12 | block size is 16,,,
elapsed time = 113.13 | seconds power is 3 | number of threads is 12 | block size is 16,,,
elapsed time = 116.20 | seconds power is 4 | number of threads is 12 | block size is 16,,,
elapsed time = 119.24 | seconds power is 5 | number of threads is 12 | block size is 16,,,
elapsed time = 122.30 | seconds power is 6 | number of threads is 12 | block size is 16,,,
elapsed time = 125.36 | seconds power is 7 | number of threads is 12 | block size is 16,,,
elapsed time = 128.47 | seconds power is 8 | number of threads is 12 | block size is 16,,,
elapsed time = 131.55 | seconds power is 9 | number of threads is 12 | block size is 16,,,
elapsed time = 134.61 | seconds power is 10 | number of threads is 12 | block size is 16,,,
elapsed time = 137.75 | seconds power is 11 | number of threads is 12 | block size is 16,,,
elapsed time = 140.81 | seconds power is 12 | number of threads is 12 | block size is 16,,,
elapsed time = 143.88 | seconds power is 13 | number of threads is 12 | block size is 16,,,
elapsed time = 146.96 | seconds power is 14 | number of threads is 12 | block size is 16,,,
elapsed time = 150.00 | seconds power is 15 | number of threads is 12 | block size is 16,,,
elapsed time = 153.07 | seconds power is 16 | number of threads is 12 | block size is 16,,,
elapsed time = 156.19 | seconds power is 2 | number of threads is 12 | block size is 32,,,
elapsed time = 159.31 | seconds power is 3 | number of threads is 12 | block size is 32,,,
elapsed time = 162.42 | seconds power is 4 | number of threads is 12 | block size is 32,,,
elapsed time = 165.56 | seconds power is 5 | number of threads is 12 | block size is 32,,,
elapsed time = 168.82 | seconds power is 6 | number of threads is 12 | block size is 32,,,
elapsed time = 171.96 | seconds power is 7 | number of threads is 12 | block size is 32,,,
elapsed time = 175.08 | seconds power is 8 | number of threads is 12 | block size is 32,,,
elapsed time = 178.02 | seconds power is 9 | number of threads is 12 | block size is 32,,,
elapsed time = 181.14 | seconds power is 10 | number of threads is 12 | block size is 32,,,
elapsed time = 184.22 | seconds power is 11 | number of threads is 12 | block size is 32,,,
elapsed time = 187.14 | seconds power is 12 | number of threads is 12 | block size is 32,,,
elapsed time = 190.29 | seconds power is 13 | number of threads is 12 | block size is 32,,,
elapsed time = 193.40 | seconds power is 14 | number of threads is 12 | block size is 32,,,
elapsed time = 196.49 | seconds power is 15 | number of threads is 12 | block size is 32,,,
elapsed time = 199.56 | seconds power is 16 | number of threads is 12 | block size is 32,,,
elapsed time = 202.71 | seconds power is 2 | number of threads is 12 | block size is 64,,,
elapsed time = 205.93 | seconds power is 3 | number of threads is 12 | block size is 64,,,
elapsed time = 209.05 | seconds power is 4 | number of threads is 12 | block size is 64,,,
elapsed time = 212.15 | seconds power is 5 | number of threads is 12 | block size is 64,,,
elapsed time = 215.29 | seconds power is 6 | number of threads is 12 | block size is 64,,,
elapsed time = 218.43 | seconds power is 7 | number of threads is 12 | block size is 64,,,
elapsed time = 221.55 | seconds power is 8 | number of threads is 12 | block size is 64,,,
elapsed time = 224.70 | seconds power is 9 | number of threads is 12 | block size is 64,,,
elapsed time = 227.85 | seconds power is 10 | number of threads is 12 | block size is 64,,,
elapsed time = 230.92 | seconds power is 11 | number of threads is 12 | block size is 64,,,
elapsed time = 234.00 | seconds power is 12 | number of threads is 12 | block size is 64,,,
elapsed time = 237.12 | seconds power is 13 | number of threads is 12 | block size is 64,,,
elapsed time = 240.24 | seconds power is 14 | number of threads is 12 | block size is 64,,,
elapsed time = 243.42 | seconds power is 15 | number of threads is 12 | block size is 64,,,
elapsed time = 246.49 | seconds power is 16 | number of threads is 12 | block size is 64,,,
2048 12 thread done,,,
elapsed time = 3.90 | seconds power is 2 | number of threads is 14 | block size is 4,,,
elapsed time = 7.86 | seconds power is 3 | number of threads is 14 | block size is 4,,,
elapsed time = 11.76 | seconds power is 4 | number of threads is 14 | block size is 4,,,
elapsed time = 15.69 | seconds power is 5 | number of threads is 14 | block size is 4,,,
elapsed time = 19.64 | seconds power is 6 | number of threads is 14 | block size is 4,,,
elapsed time = 23.56 | seconds power is 7 | number of threads is 14 | block size is 4,,,
elapsed time = 27.45 | seconds power is 8 | number of threads is 14 | block size is 4,,,
elapsed time = 31.31 | seconds power is 9 | number of threads is 14 | block size is 4,,,
elapsed time = 35.25 | seconds power is 10 | number of threads is 14 | block size is 4,,,
elapsed time = 39.18 | seconds power is 11 | number of threads is 14 | block size is 4,,,
elapsed time = 43.10 | seconds power is 12 | number of threads is 14 | block size is 4,,,
elapsed time = 47.06 | seconds power is 13 | number of threads is 14 | block size is 4,,,
elapsed time = 50.96 | seconds power is 14 | number of threads is 14 | block size is 4,,,
elapsed time = 54.97 | seconds power is 15 | number of threads is 14 | block size is 4,,,
elapsed time = 58.84 | seconds power is 16 | number of threads is 14 | block size is 4,,,
elapsed time = 61.97 | seconds power is 2 | number of threads is 14 | block size is 8,,,
elapsed time = 65.12 | seconds power is 3 | number of threads is 14 | block size is 8,,,
elapsed time = 68.23 | seconds power is 4 | number of threads is 14 | block size is 8,,,
elapsed time = 71.37 | seconds power is 5 | number of threads is 14 | block size is 8,,,
elapsed time = 74.52 | seconds power is 6 | number of threads is 14 | block size is 8,,,
elapsed time = 77.68 | seconds power is 7 | number of threads is 14 | block size is 8,,,
elapsed time = 80.81 | seconds power is 8 | number of threads is 14 | block size is 8,,,
elapsed time = 83.89 | seconds power is 9 | number of threads is 14 | block size is 8,,,
elapsed time = 87.06 | seconds power is 10 | number of threads is 14 | block size is 8,,,
elapsed time = 90.20 | seconds power is 11 | number of threads is 14 | block size is 8,,,
elapsed time = 93.26 | seconds power is 12 | number of threads is 14 | block size is 8,,,
elapsed time = 96.48 | seconds power is 13 | number of threads is 14 | block size is 8,,,
elapsed time = 99.62 | seconds power is 14 | number of threads is 14 | block size is 8,,,
elapsed time = 102.76 | seconds power is 15 | number of threads is 14 | block size is 8,,,
elapsed time = 105.89 | seconds power is 16 | number of threads is 14 | block size is 8,,,
elapsed time = 108.92 | seconds power is 2 | number of threads is 14 | block size is 16,,,
elapsed time = 112.11 | seconds power is 3 | number of threads is 14 | block size is 16,,,
elapsed time = 115.18 | seconds power is 4 | number of threads is 14 | block size is 16,,,
elapsed time = 118.38 | seconds power is 5 | number of threads is 14 | block size is 16,,,
elapsed time = 121.46 | seconds power is 6 | number of threads is 14 | block size is 16,,,
elapsed time = 124.55 | seconds power is 7 | number of threads is 14 | block size is 16,,,
elapsed time = 127.79 | seconds power is 8 | number of threads is 14 | block size is 16,,,
elapsed time = 130.88 | seconds power is 9 | number of threads is 14 | block size is 16,,,
elapsed time = 134.15 | seconds power is 10 | number of threads is 14 | block size is 16,,,
elapsed time = 137.18 | seconds power is 11 | number of threads is 14 | block size is 16,,,
elapsed time = 140.21 | seconds power is 12 | number of threads is 14 | block size is 16,,,
elapsed time = 143.45 | seconds power is 13 | number of threads is 14 | block size is 16,,,
elapsed time = 146.45 | seconds power is 14 | number of threads is 14 | block size is 16,,,
elapsed time = 149.52 | seconds power is 15 | number of threads is 14 | block size is 16,,,
elapsed time = 152.68 | seconds power is 16 | number of threads is 14 | block size is 16,,,
elapsed time = 155.76 | seconds power is 2 | number of threads is 14 | block size is 32,,,
elapsed time = 158.94 | seconds power is 3 | number of threads is 14 | block size is 32,,,
elapsed time = 162.03 | seconds power is 4 | number of threads is 14 | block size is 32,,,
elapsed time = 165.18 | seconds power is 5 | number of threads is 14 | block size is 32,,,
elapsed time = 168.32 | seconds power is 6 | number of threads is 14 | block size is 32,,,
elapsed time = 171.52 | seconds power is 7 | number of threads is 14 | block size is 32,,,
elapsed time = 174.61 | seconds power is 8 | number of threads is 14 | block size is 32,,,
elapsed time = 177.86 | seconds power is 9 | number of threads is 14 | block size is 32,,,
elapsed time = 180.96 | seconds power is 10 | number of threads is 14 | block size is 32,,,
elapsed time = 184.14 | seconds power is 11 | number of threads is 14 | block size is 32,,,
elapsed time = 187.25 | seconds power is 12 | number of threads is 14 | block size is 32,,,
elapsed time = 190.44 | seconds power is 13 | number of threads is 14 | block size is 32,,,
elapsed time = 193.58 | seconds power is 14 | number of threads is 14 | block size is 32,,,
elapsed time = 196.73 | seconds power is 15 | number of threads is 14 | block size is 32,,,
elapsed time = 199.82 | seconds power is 16 | number of threads is 14 | block size is 32,,,
elapsed time = 203.13 | seconds power is 2 | number of threads is 14 | block size is 64,,,
elapsed time = 206.59 | seconds power is 3 | number of threads is 14 | block size is 64,,,
elapsed time = 209.87 | seconds power is 4 | number of threads is 14 | block size is 64,,,
elapsed time = 213.18 | seconds power is 5 | number of threads is 14 | block size is 64,,,
elapsed time = 216.55 | seconds power is 6 | number of threads is 14 | block size is 64,,,
elapsed time = 219.88 | seconds power is 7 | number of threads is 14 | block size is 64,,,
elapsed time = 223.17 | seconds power is 8 | number of threads is 14 | block size is 64,,,
elapsed time = 226.43 | seconds power is 9 | number of threads is 14 | block size is 64,,,
elapsed time = 229.92 | seconds power is 10 | number of threads is 14 | block size is 64,,,
elapsed time = 233.28 | seconds power is 11 | number of threads is 14 | block size is 64,,,
elapsed time = 236.56 | seconds power is 12 | number of threads is 14 | block size is 64,,,
elapsed time = 240.02 | seconds power is 13 | number of threads is 14 | block size is 64,,,
elapsed time = 243.35 | seconds power is 14 | number of threads is 14 | block size is 64,,,
elapsed time = 246.66 | seconds power is 15 | number of threads is 14 | block size is 64,,,
elapsed time = 250.05 | seconds power is 16 | number of threads is 14 | block size is 64,,,
2048 14 thread done,,,
elapsed time = 3.71 | seconds power is 2 | number of threads is 16 | block size is 4,,,
elapsed time = 7.47 | seconds power is 3 | number of threads is 16 | block size is 4,,,
elapsed time = 11.15 | seconds power is 4 | number of threads is 16 | block size is 4,,,
elapsed time = 14.86 | seconds power is 5 | number of threads is 16 | block size is 4,,,
elapsed time = 18.54 | seconds power is 6 | number of threads is 16 | block size is 4,,,
elapsed time = 22.15 | seconds power is 7 | number of threads is 16 | block size is 4,,,
elapsed time = 25.85 | seconds power is 8 | number of threads is 16 | block size is 4,,,
elapsed time = 29.51 | seconds power is 9 | number of threads is 16 | block size is 4,,,
elapsed time = 33.15 | seconds power is 10 | number of threads is 16 | block size is 4,,,
elapsed time = 36.78 | seconds power is 11 | number of threads is 16 | block size is 4,,,
elapsed time = 40.43 | seconds power is 12 | number of threads is 16 | block size is 4,,,
elapsed time = 44.08 | seconds power is 13 | number of threads is 16 | block size is 4,,,
elapsed time = 47.72 | seconds power is 14 | number of threads is 16 | block size is 4,,,
elapsed time = 51.44 | seconds power is 15 | number of threads is 16 | block size is 4,,,
elapsed time = 55.06 | seconds power is 16 | number of threads is 16 | block size is 4,,,
elapsed time = 58.08 | seconds power is 2 | number of threads is 16 | block size is 8,,,
elapsed time = 61.13 | seconds power is 3 | number of threads is 16 | block size is 8,,,
elapsed time = 64.08 | seconds power is 4 | number of threads is 16 | block size is 8,,,
elapsed time = 67.12 | seconds power is 5 | number of threads is 16 | block size is 8,,,
elapsed time = 70.16 | seconds power is 6 | number of threads is 16 | block size is 8,,,
elapsed time = 73.22 | seconds power is 7 | number of threads is 16 | block size is 8,,,
elapsed time = 76.30 | seconds power is 8 | number of threads is 16 | block size is 8,,,
elapsed time = 79.35 | seconds power is 9 | number of threads is 16 | block size is 8,,,
elapsed time = 82.35 | seconds power is 10 | number of threads is 16 | block size is 8,,,
elapsed time = 85.40 | seconds power is 11 | number of threads is 16 | block size is 8,,,
elapsed time = 88.45 | seconds power is 12 | number of threads is 16 | block size is 8,,,
elapsed time = 91.45 | seconds power is 13 | number of threads is 16 | block size is 8,,,
elapsed time = 94.46 | seconds power is 14 | number of threads is 16 | block size is 8,,,
elapsed time = 97.46 | seconds power is 15 | number of threads is 16 | block size is 8,,,
elapsed time = 100.47 | seconds power is 16 | number of threads is 16 | block size is 8,,,
elapsed time = 103.43 | seconds power is 2 | number of threads is 16 | block size is 16,,,
elapsed time = 106.38 | seconds power is 3 | number of threads is 16 | block size is 16,,,
elapsed time = 109.31 | seconds power is 4 | number of threads is 16 | block size is 16,,,
elapsed time = 112.26 | seconds power is 5 | number of threads is 16 | block size is 16,,,
elapsed time = 115.20 | seconds power is 6 | number of threads is 16 | block size is 16,,,
elapsed time = 118.20 | seconds power is 7 | number of threads is 16 | block size is 16,,,
elapsed time = 121.21 | seconds power is 8 | number of threads is 16 | block size is 16,,,
elapsed time = 124.20 | seconds power is 9 | number of threads is 16 | block size is 16,,,
elapsed time = 127.15 | seconds power is 10 | number of threads is 16 | block size is 16,,,
elapsed time = 130.16 | seconds power is 11 | number of threads is 16 | block size is 16,,,
elapsed time = 133.09 | seconds power is 12 | number of threads is 16 | block size is 16,,,
elapsed time = 136.03 | seconds power is 13 | number of threads is 16 | block size is 16,,,
elapsed time = 139.05 | seconds power is 14 | number of threads is 16 | block size is 16,,,
elapsed time = 141.99 | seconds power is 15 | number of threads is 16 | block size is 16,,,
elapsed time = 144.98 | seconds power is 16 | number of threads is 16 | block size is 16,,,
elapsed time = 147.91 | seconds power is 2 | number of threads is 16 | block size is 32,,,
elapsed time = 150.81 | seconds power is 3 | number of threads is 16 | block size is 32,,,
elapsed time = 153.72 | seconds power is 4 | number of threads is 16 | block size is 32,,,
elapsed time = 156.63 | seconds power is 5 | number of threads is 16 | block size is 32,,,
elapsed time = 159.55 | seconds power is 6 | number of threads is 16 | block size is 32,,,
elapsed time = 162.53 | seconds power is 7 | number of threads is 16 | block size is 32,,,
elapsed time = 165.44 | seconds power is 8 | number of threads is 16 | block size is 32,,,
elapsed time = 168.40 | seconds power is 9 | number of threads is 16 | block size is 32,,,
elapsed time = 171.30 | seconds power is 10 | number of threads is 16 | block size is 32,,,
elapsed time = 174.23 | seconds power is 11 | number of threads is 16 | block size is 32,,,
elapsed time = 177.13 | seconds power is 12 | number of threads is 16 | block size is 32,,,
elapsed time = 180.02 | seconds power is 13 | number of threads is 16 | block size is 32,,,
elapsed time = 182.92 | seconds power is 14 | number of threads is 16 | block size is 32,,,
elapsed time = 185.83 | seconds power is 15 | number of threads is 16 | block size is 32,,,
elapsed time = 188.74 | seconds power is 16 | number of threads is 16 | block size is 32,,,
elapsed time = 191.68 | seconds power is 2 | number of threads is 16 | block size is 64,,,
elapsed time = 194.62 | seconds power is 3 | number of threads is 16 | block size is 64,,,
elapsed time = 197.56 | seconds power is 4 | number of threads is 16 | block size is 64,,,
elapsed time = 200.48 | seconds power is 5 | number of threads is 16 | block size is 64,,,
elapsed time = 203.39 | seconds power is 6 | number of threads is 16 | block size is 64,,,
elapsed time = 206.33 | seconds power is 7 | number of threads is 16 | block size is 64,,,
elapsed time = 209.27 | seconds power is 8 | number of threads is 16 | block size is 64,,,
elapsed time = 212.21 | seconds power is 9 | number of threads is 16 | block size is 64,,,
elapsed time = 215.16 | seconds power is 10 | number of threads is 16 | block size is 64,,,
elapsed time = 218.08 | seconds power is 11 | number of threads is 16 | block size is 64,,,
elapsed time = 220.94 | seconds power is 12 | number of threads is 16 | block size is 64,,,
elapsed time = 223.90 | seconds power is 13 | number of threads is 16 | block size is 64,,,
elapsed time = 226.83 | seconds power is 14 | number of threads is 16 | block size is 64,,,
elapsed time = 229.78 | seconds power is 15 | number of threads is 16 | block size is 64,,,
elapsed time = 232.69 | seconds power is 16 | number of threads is 16 | block size is 64,,,
2048 16 thread done,,,
