1024x1024 bmm transpose 1,,,
elapsed time,power,no of threads,
3.44,2,1, block size is 4
6.73,3,1, block size is 4
10.15,4,1, block size is 4
13.64,5,1, block size is 4
16.84,6,1, block size is 4
20.04,7,1, block size is 4
23.11,8,1, block size is 4
26.17,9,1, block size is 4
29.2,10,1, block size is 4
32.22,11,1, block size is 4
35.29,12,1, block size is 4
38.32,13,1, block size is 4
41.36,14,1, block size is 4
44.43,15,1, block size is 4
47.48,16,1, block size is 4
50.17,2,1, block size is 8
52.86,3,1, block size is 8
55.55,4,1, block size is 8
58.25,5,1, block size is 8
60.94,6,1, block size is 8
63.63,7,1, block size is 8
66.34,8,1, block size is 8
69.05,9,1, block size is 8
71.75,10,1, block size is 8
74.47,11,1, block size is 8
77.17,12,1, block size is 8
79.89,13,1, block size is 8
82.61,14,1, block size is 8
85.31,15,1, block size is 8
88.03,16,1, block size is 8
90.5,2,1, block size is 16
92.95,3,1, block size is 16
95.41,4,1, block size is 16
97.86,5,1, block size is 16
100.32,6,1, block size is 16
102.78,7,1, block size is 16
105.25,8,1, block size is 16
107.71,9,1, block size is 16
110.16,10,1, block size is 16
112.62,11,1, block size is 16
115.07,12,1, block size is 16
117.52,13,1, block size is 16
119.98,14,1, block size is 16
122.44,15,1, block size is 16
124.89,16,1, block size is 16
127.31,2,1, block size is 32
129.73,3,1, block size is 32
132.14,4,1, block size is 32
134.58,5,1, block size is 32
137.01,6,1, block size is 32
139.43,7,1, block size is 32
141.85,8,1, block size is 32
144.27,9,1, block size is 32
146.69,10,1, block size is 32
149.1,11,1, block size is 32
151.52,12,1, block size is 32
153.94,13,1, block size is 32
156.36,14,1, block size is 32
158.77,15,1, block size is 32
161.19,16,1, block size is 32
163.58,2,1, block size is 64
165.98,3,1, block size is 64
168.38,4,1, block size is 64
170.77,5,1, block size is 64
173.16,6,1, block size is 64
175.54,7,1, block size is 64
177.93,8,1, block size is 64
180.32,9,1, block size is 64
182.71,10,1, block size is 64
185.1,11,1, block size is 64
187.5,12,1, block size is 64
189.89,13,1, block size is 64
192.28,14,1, block size is 64
194.67,15,1, block size is 64
197.06,16,1, block size is 64
1024 1 thread done,,,
1.61,2,2, block size is 4
3.15,3,2, block size is 4
4.67,4,2, block size is 4
6.2,5,2, block size is 4
7.74,6,2, block size is 4
9.26,7,2, block size is 4
10.8,8,2, block size is 4
12.32,9,2, block size is 4
13.85,10,2, block size is 4
15.38,11,2, block size is 4
16.91,12,2, block size is 4
18.43,13,2, block size is 4
19.96,14,2, block size is 4
21.5,15,2, block size is 4
23.02,16,2, block size is 4
24.34,2,2, block size is 8
25.66,3,2, block size is 8
26.98,4,2, block size is 8
28.29,5,2, block size is 8
29.61,6,2, block size is 8
30.93,7,2, block size is 8
32.25,8,2, block size is 8
33.57,9,2, block size is 8
34.89,10,2, block size is 8
36.21,11,2, block size is 8
37.53,12,2, block size is 8
38.85,13,2, block size is 8
40.17,14,2, block size is 8
41.49,15,2, block size is 8
42.81,16,2, block size is 8
44.02,2,2, block size is 16
45.24,3,2, block size is 16
46.46,4,2, block size is 16
47.67,5,2, block size is 16
48.89,6,2, block size is 16
50.1,7,2, block size is 16
51.32,8,2, block size is 16
52.53,9,2, block size is 16
53.75,10,2, block size is 16
54.96,11,2, block size is 16
56.17,12,2, block size is 16
57.39,13,2, block size is 16
58.6,14,2, block size is 16
59.81,15,2, block size is 16
61.03,16,2, block size is 16
62.25,2,2, block size is 32
63.46,3,2, block size is 32
64.67,4,2, block size is 32
65.88,5,2, block size is 32
67.1,6,2, block size is 32
68.31,7,2, block size is 32
69.52,8,2, block size is 32
70.73,9,2, block size is 32
71.95,10,2, block size is 32
73.16,11,2, block size is 32
74.37,12,2, block size is 32
75.58,13,2, block size is 32
76.79,14,2, block size is 32
78.01,15,2, block size is 32
79.22,16,2, block size is 32
80.42,2,2, block size is 64
81.63,3,2, block size is 64
82.83,4,2, block size is 64
84.03,5,2, block size is 64
85.23,6,2, block size is 64
86.44,7,2, block size is 64
87.65,8,2, block size is 64
88.85,9,2, block size is 64
elapsed time = 90.05 | seconds power is 10 | number of threads is 2 | block size is 64,,,
elapsed time = 91.26 | seconds power is 11 | number of threads is 2 | block size is 64,,,
elapsed time = 92.46 | seconds power is 12 | number of threads is 2 | block size is 64,,,
elapsed time = 93.67 | seconds power is 13 | number of threads is 2 | block size is 64,,,
elapsed time = 94.89 | seconds power is 14 | number of threads is 2 | block size is 64,,,
elapsed time = 96.10 | seconds power is 15 | number of threads is 2 | block size is 64,,,
elapsed time = 97.31 | seconds power is 16 | number of threads is 2 | block size is 64,,,
1024 2 thread done,,,
elapsed time = 0.80 | seconds power is 2 | number of threads is 4 | block size is 4,,,
elapsed time = 1.55 | seconds power is 3 | number of threads is 4 | block size is 4,,,
elapsed time = 2.31 | seconds power is 4 | number of threads is 4 | block size is 4,,,
elapsed time = 3.06 | seconds power is 5 | number of threads is 4 | block size is 4,,,
elapsed time = 3.82 | seconds power is 6 | number of threads is 4 | block size is 4,,,
elapsed time = 4.67 | seconds power is 7 | number of threads is 4 | block size is 4,,,
elapsed time = 5.45 | seconds power is 8 | number of threads is 4 | block size is 4,,,
elapsed time = 6.24 | seconds power is 9 | number of threads is 4 | block size is 4,,,
elapsed time = 7.02 | seconds power is 10 | number of threads is 4 | block size is 4,,,
elapsed time = 7.80 | seconds power is 11 | number of threads is 4 | block size is 4,,,
elapsed time = 8.58 | seconds power is 12 | number of threads is 4 | block size is 4,,,
elapsed time = 9.36 | seconds power is 13 | number of threads is 4 | block size is 4,,,
elapsed time = 10.15 | seconds power is 14 | number of threads is 4 | block size is 4,,,
elapsed time = 10.93 | seconds power is 15 | number of threads is 4 | block size is 4,,,
elapsed time = 11.72 | seconds power is 16 | number of threads is 4 | block size is 4,,,
elapsed time = 12.41 | seconds power is 2 | number of threads is 4 | block size is 8,,,
elapsed time = 13.10 | seconds power is 3 | number of threads is 4 | block size is 8,,,
elapsed time = 13.79 | seconds power is 4 | number of threads is 4 | block size is 8,,,
elapsed time = 14.48 | seconds power is 5 | number of threads is 4 | block size is 8,,,
elapsed time = 15.17 | seconds power is 6 | number of threads is 4 | block size is 8,,,
elapsed time = 15.85 | seconds power is 7 | number of threads is 4 | block size is 8,,,
elapsed time = 16.54 | seconds power is 8 | number of threads is 4 | block size is 8,,,
elapsed time = 17.23 | seconds power is 9 | number of threads is 4 | block size is 8,,,
elapsed time = 17.92 | seconds power is 10 | number of threads is 4 | block size is 8,,,
elapsed time = 18.61 | seconds power is 11 | number of threads is 4 | block size is 8,,,
elapsed time = 19.30 | seconds power is 12 | number of threads is 4 | block size is 8,,,
elapsed time = 19.99 | seconds power is 13 | number of threads is 4 | block size is 8,,,
elapsed time = 20.69 | seconds power is 14 | number of threads is 4 | block size is 8,,,
elapsed time = 21.38 | seconds power is 15 | number of threads is 4 | block size is 8,,,
elapsed time = 22.07 | seconds power is 16 | number of threads is 4 | block size is 8,,,
elapsed time = 22.71 | seconds power is 2 | number of threads is 4 | block size is 16,,,
elapsed time = 23.36 | seconds power is 3 | number of threads is 4 | block size is 16,,,
elapsed time = 24.00 | seconds power is 4 | number of threads is 4 | block size is 16,,,
elapsed time = 24.65 | seconds power is 5 | number of threads is 4 | block size is 16,,,
elapsed time = 25.30 | seconds power is 6 | number of threads is 4 | block size is 16,,,
elapsed time = 25.94 | seconds power is 7 | number of threads is 4 | block size is 16,,,
elapsed time = 26.60 | seconds power is 8 | number of threads is 4 | block size is 16,,,
elapsed time = 27.26 | seconds power is 9 | number of threads is 4 | block size is 16,,,
elapsed time = 27.91 | seconds power is 10 | number of threads is 4 | block size is 16,,,
elapsed time = 28.57 | seconds power is 11 | number of threads is 4 | block size is 16,,,
elapsed time = 29.22 | seconds power is 12 | number of threads is 4 | block size is 16,,,
elapsed time = 29.87 | seconds power is 13 | number of threads is 4 | block size is 16,,,
elapsed time = 30.53 | seconds power is 14 | number of threads is 4 | block size is 16,,,
elapsed time = 31.17 | seconds power is 15 | number of threads is 4 | block size is 16,,,
elapsed time = 31.82 | seconds power is 16 | number of threads is 4 | block size is 16,,,
elapsed time = 32.47 | seconds power is 2 | number of threads is 4 | block size is 32,,,
elapsed time = 33.12 | seconds power is 3 | number of threads is 4 | block size is 32,,,
elapsed time = 33.76 | seconds power is 4 | number of threads is 4 | block size is 32,,,
elapsed time = 34.41 | seconds power is 5 | number of threads is 4 | block size is 32,,,
elapsed time = 35.06 | seconds power is 6 | number of threads is 4 | block size is 32,,,
elapsed time = 35.71 | seconds power is 7 | number of threads is 4 | block size is 32,,,
elapsed time = 36.37 | seconds power is 8 | number of threads is 4 | block size is 32,,,
elapsed time = 37.03 | seconds power is 9 | number of threads is 4 | block size is 32,,,
elapsed time = 37.68 | seconds power is 10 | number of threads is 4 | block size is 32,,,
elapsed time = 38.33 | seconds power is 11 | number of threads is 4 | block size is 32,,,
elapsed time = 38.98 | seconds power is 12 | number of threads is 4 | block size is 32,,,
elapsed time = 39.62 | seconds power is 13 | number of threads is 4 | block size is 32,,,
elapsed time = 40.27 | seconds power is 14 | number of threads is 4 | block size is 32,,,
elapsed time = 40.91 | seconds power is 15 | number of threads is 4 | block size is 32,,,
elapsed time = 41.56 | seconds power is 16 | number of threads is 4 | block size is 32,,,
elapsed time = 42.20 | seconds power is 2 | number of threads is 4 | block size is 64,,,
elapsed time = 42.84 | seconds power is 3 | number of threads is 4 | block size is 64,,,
elapsed time = 43.48 | seconds power is 4 | number of threads is 4 | block size is 64,,,
elapsed time = 44.13 | seconds power is 5 | number of threads is 4 | block size is 64,,,
elapsed time = 44.77 | seconds power is 6 | number of threads is 4 | block size is 64,,,
elapsed time = 45.42 | seconds power is 7 | number of threads is 4 | block size is 64,,,
elapsed time = 46.06 | seconds power is 8 | number of threads is 4 | block size is 64,,,
elapsed time = 46.71 | seconds power is 9 | number of threads is 4 | block size is 64,,,
elapsed time = 47.34 | seconds power is 10 | number of threads is 4 | block size is 64,,,
elapsed time = 47.99 | seconds power is 11 | number of threads is 4 | block size is 64,,,
elapsed time = 48.63 | seconds power is 12 | number of threads is 4 | block size is 64,,,
elapsed time = 49.27 | seconds power is 13 | number of threads is 4 | block size is 64,,,
elapsed time = 49.91 | seconds power is 14 | number of threads is 4 | block size is 64,,,
elapsed time = 50.55 | seconds power is 15 | number of threads is 4 | block size is 64,,,
elapsed time = 51.19 | seconds power is 16 | number of threads is 4 | block size is 64,,,
1024 4 thread done,,,
elapsed time = 0.62 | seconds power is 2 | number of threads is 6 | block size is 4,,,
elapsed time = 1.21 | seconds power is 3 | number of threads is 6 | block size is 4,,,
elapsed time = 1.81 | seconds power is 4 | number of threads is 6 | block size is 4,,,
elapsed time = 2.40 | seconds power is 5 | number of threads is 6 | block size is 4,,,
elapsed time = 3.00 | seconds power is 6 | number of threads is 6 | block size is 4,,,
elapsed time = 3.59 | seconds power is 7 | number of threads is 6 | block size is 4,,,
elapsed time = 4.19 | seconds power is 8 | number of threads is 6 | block size is 4,,,
elapsed time = 4.79 | seconds power is 9 | number of threads is 6 | block size is 4,,,
elapsed time = 5.39 | seconds power is 10 | number of threads is 6 | block size is 4,,,
elapsed time = 5.98 | seconds power is 11 | number of threads is 6 | block size is 4,,,
elapsed time = 6.58 | seconds power is 12 | number of threads is 6 | block size is 4,,,
elapsed time = 7.18 | seconds power is 13 | number of threads is 6 | block size is 4,,,
elapsed time = 7.78 | seconds power is 14 | number of threads is 6 | block size is 4,,,
elapsed time = 8.38 | seconds power is 15 | number of threads is 6 | block size is 4,,,
elapsed time = 8.98 | seconds power is 16 | number of threads is 6 | block size is 4,,,
elapsed time = 9.52 | seconds power is 2 | number of threads is 6 | block size is 8,,,
elapsed time = 10.05 | seconds power is 3 | number of threads is 6 | block size is 8,,,
elapsed time = 10.58 | seconds power is 4 | number of threads is 6 | block size is 8,,,
elapsed time = 11.11 | seconds power is 5 | number of threads is 6 | block size is 8,,,
elapsed time = 11.65 | seconds power is 6 | number of threads is 6 | block size is 8,,,
elapsed time = 12.18 | seconds power is 7 | number of threads is 6 | block size is 8,,,
elapsed time = 12.72 | seconds power is 8 | number of threads is 6 | block size is 8,,,
elapsed time = 13.25 | seconds power is 9 | number of threads is 6 | block size is 8,,,
elapsed time = 13.78 | seconds power is 10 | number of threads is 6 | block size is 8,,,
elapsed time = 14.32 | seconds power is 11 | number of threads is 6 | block size is 8,,,
elapsed time = 14.85 | seconds power is 12 | number of threads is 6 | block size is 8,,,
elapsed time = 15.39 | seconds power is 13 | number of threads is 6 | block size is 8,,,
elapsed time = 15.92 | seconds power is 14 | number of threads is 6 | block size is 8,,,
elapsed time = 16.45 | seconds power is 15 | number of threads is 6 | block size is 8,,,
elapsed time = 16.99 | seconds power is 16 | number of threads is 6 | block size is 8,,,
elapsed time = 17.49 | seconds power is 2 | number of threads is 6 | block size is 16,,,
elapsed time = 17.99 | seconds power is 3 | number of threads is 6 | block size is 16,,,
elapsed time = 18.49 | seconds power is 4 | number of threads is 6 | block size is 16,,,
elapsed time = 18.99 | seconds power is 5 | number of threads is 6 | block size is 16,,,
elapsed time = 19.50 | seconds power is 6 | number of threads is 6 | block size is 16,,,
elapsed time = 20.00 | seconds power is 7 | number of threads is 6 | block size is 16,,,
elapsed time = 20.50 | seconds power is 8 | number of threads is 6 | block size is 16,,,
elapsed time = 21.00 | seconds power is 9 | number of threads is 6 | block size is 16,,,
elapsed time = 21.50 | seconds power is 10 | number of threads is 6 | block size is 16,,,
elapsed time = 22.01 | seconds power is 11 | number of threads is 6 | block size is 16,,,
elapsed time = 22.51 | seconds power is 12 | number of threads is 6 | block size is 16,,,
elapsed time = 23.01 | seconds power is 13 | number of threads is 6 | block size is 16,,,
elapsed time = 23.51 | seconds power is 14 | number of threads is 6 | block size is 16,,,
elapsed time = 24.01 | seconds power is 15 | number of threads is 6 | block size is 16,,,
elapsed time = 24.52 | seconds power is 16 | number of threads is 6 | block size is 16,,,
elapsed time = 25.05 | seconds power is 2 | number of threads is 6 | block size is 32,,,
elapsed time = 25.58 | seconds power is 3 | number of threads is 6 | block size is 32,,,
elapsed time = 26.11 | seconds power is 4 | number of threads is 6 | block size is 32,,,
elapsed time = 26.64 | seconds power is 5 | number of threads is 6 | block size is 32,,,
elapsed time = 27.17 | seconds power is 6 | number of threads is 6 | block size is 32,,,
elapsed time = 27.70 | seconds power is 7 | number of threads is 6 | block size is 32,,,
elapsed time = 28.23 | seconds power is 8 | number of threads is 6 | block size is 32,,,
elapsed time = 28.77 | seconds power is 9 | number of threads is 6 | block size is 32,,,
elapsed time = 29.29 | seconds power is 10 | number of threads is 6 | block size is 32,,,
elapsed time = 29.82 | seconds power is 11 | number of threads is 6 | block size is 32,,,
elapsed time = 30.35 | seconds power is 12 | number of threads is 6 | block size is 32,,,
elapsed time = 30.88 | seconds power is 13 | number of threads is 6 | block size is 32,,,
elapsed time = 31.41 | seconds power is 14 | number of threads is 6 | block size is 32,,,
elapsed time = 31.94 | seconds power is 15 | number of threads is 6 | block size is 32,,,
elapsed time = 32.47 | seconds power is 16 | number of threads is 6 | block size is 32,,,
elapsed time = 32.99 | seconds power is 2 | number of threads is 6 | block size is 64,,,
elapsed time = 33.52 | seconds power is 3 | number of threads is 6 | block size is 64,,,
elapsed time = 34.04 | seconds power is 4 | number of threads is 6 | block size is 64,,,
elapsed time = 34.57 | seconds power is 5 | number of threads is 6 | block size is 64,,,
elapsed time = 35.10 | seconds power is 6 | number of threads is 6 | block size is 64,,,
elapsed time = 35.62 | seconds power is 7 | number of threads is 6 | block size is 64,,,
elapsed time = 36.15 | seconds power is 8 | number of threads is 6 | block size is 64,,,
elapsed time = 36.68 | seconds power is 9 | number of threads is 6 | block size is 64,,,
elapsed time = 37.20 | seconds power is 10 | number of threads is 6 | block size is 64,,,
elapsed time = 37.73 | seconds power is 11 | number of threads is 6 | block size is 64,,,
elapsed time = 38.26 | seconds power is 12 | number of threads is 6 | block size is 64,,,
elapsed time = 38.78 | seconds power is 13 | number of threads is 6 | block size is 64,,,
elapsed time = 39.31 | seconds power is 14 | number of threads is 6 | block size is 64,,,
elapsed time = 39.84 | seconds power is 15 | number of threads is 6 | block size is 64,,,
elapsed time = 40.36 | seconds power is 16 | number of threads is 6 | block size is 64,,,
1024 6 thread done,,,
elapsed time = 0.51 | seconds power is 2 | number of threads is 8 | block size is 4,,,
elapsed time = 1.00 | seconds power is 3 | number of threads is 8 | block size is 4,,,
elapsed time = 1.49 | seconds power is 4 | number of threads is 8 | block size is 4,,,
elapsed time = 1.99 | seconds power is 5 | number of threads is 8 | block size is 4,,,
elapsed time = 2.47 | seconds power is 6 | number of threads is 8 | block size is 4,,,
elapsed time = 2.96 | seconds power is 7 | number of threads is 8 | block size is 4,,,
elapsed time = 3.45 | seconds power is 8 | number of threads is 8 | block size is 4,,,
elapsed time = 3.94 | seconds power is 9 | number of threads is 8 | block size is 4,,,
elapsed time = 4.43 | seconds power is 10 | number of threads is 8 | block size is 4,,,
elapsed time = 4.92 | seconds power is 11 | number of threads is 8 | block size is 4,,,
elapsed time = 5.41 | seconds power is 12 | number of threads is 8 | block size is 4,,,
elapsed time = 5.90 | seconds power is 13 | number of threads is 8 | block size is 4,,,
elapsed time = 6.39 | seconds power is 14 | number of threads is 8 | block size is 4,,,
elapsed time = 6.88 | seconds power is 15 | number of threads is 8 | block size is 4,,,
elapsed time = 7.37 | seconds power is 16 | number of threads is 8 | block size is 4,,,
elapsed time = 7.80 | seconds power is 2 | number of threads is 8 | block size is 8,,,
elapsed time = 8.23 | seconds power is 3 | number of threads is 8 | block size is 8,,,
elapsed time = 8.67 | seconds power is 4 | number of threads is 8 | block size is 8,,,
elapsed time = 9.10 | seconds power is 5 | number of threads is 8 | block size is 8,,,
elapsed time = 9.53 | seconds power is 6 | number of threads is 8 | block size is 8,,,
elapsed time = 9.96 | seconds power is 7 | number of threads is 8 | block size is 8,,,
elapsed time = 10.39 | seconds power is 8 | number of threads is 8 | block size is 8,,,
elapsed time = 10.82 | seconds power is 9 | number of threads is 8 | block size is 8,,,
elapsed time = 11.25 | seconds power is 10 | number of threads is 8 | block size is 8,,,
elapsed time = 11.68 | seconds power is 11 | number of threads is 8 | block size is 8,,,
elapsed time = 12.12 | seconds power is 12 | number of threads is 8 | block size is 8,,,
elapsed time = 12.55 | seconds power is 13 | number of threads is 8 | block size is 8,,,
elapsed time = 12.98 | seconds power is 14 | number of threads is 8 | block size is 8,,,
elapsed time = 13.41 | seconds power is 15 | number of threads is 8 | block size is 8,,,
elapsed time = 13.84 | seconds power is 16 | number of threads is 8 | block size is 8,,,
elapsed time = 14.25 | seconds power is 2 | number of threads is 8 | block size is 16,,,
elapsed time = 14.66 | seconds power is 3 | number of threads is 8 | block size is 16,,,
elapsed time = 15.06 | seconds power is 4 | number of threads is 8 | block size is 16,,,
elapsed time = 15.49 | seconds power is 5 | number of threads is 8 | block size is 16,,,
elapsed time = 15.89 | seconds power is 6 | number of threads is 8 | block size is 16,,,
elapsed time = 16.30 | seconds power is 7 | number of threads is 8 | block size is 16,,,
elapsed time = 16.71 | seconds power is 8 | number of threads is 8 | block size is 16,,,
elapsed time = 17.12 | seconds power is 9 | number of threads is 8 | block size is 16,,,
elapsed time = 17.53 | seconds power is 10 | number of threads is 8 | block size is 16,,,
elapsed time = 17.93 | seconds power is 11 | number of threads is 8 | block size is 16,,,
elapsed time = 18.34 | seconds power is 12 | number of threads is 8 | block size is 16,,,
elapsed time = 18.75 | seconds power is 13 | number of threads is 8 | block size is 16,,,
elapsed time = 19.16 | seconds power is 14 | number of threads is 8 | block size is 16,,,
elapsed time = 19.57 | seconds power is 15 | number of threads is 8 | block size is 16,,,
elapsed time = 19.98 | seconds power is 16 | number of threads is 8 | block size is 16,,,
elapsed time = 20.38 | seconds power is 2 | number of threads is 8 | block size is 32,,,
elapsed time = 20.79 | seconds power is 3 | number of threads is 8 | block size is 32,,,
elapsed time = 21.19 | seconds power is 4 | number of threads is 8 | block size is 32,,,
elapsed time = 21.65 | seconds power is 5 | number of threads is 8 | block size is 32,,,
elapsed time = 22.05 | seconds power is 6 | number of threads is 8 | block size is 32,,,
elapsed time = 22.46 | seconds power is 7 | number of threads is 8 | block size is 32,,,
elapsed time = 22.86 | seconds power is 8 | number of threads is 8 | block size is 32,,,
elapsed time = 23.26 | seconds power is 9 | number of threads is 8 | block size is 32,,,
elapsed time = 23.67 | seconds power is 10 | number of threads is 8 | block size is 32,,,
elapsed time = 24.08 | seconds power is 11 | number of threads is 8 | block size is 32,,,
elapsed time = 24.48 | seconds power is 12 | number of threads is 8 | block size is 32,,,
elapsed time = 24.89 | seconds power is 13 | number of threads is 8 | block size is 32,,,
elapsed time = 25.29 | seconds power is 14 | number of threads is 8 | block size is 32,,,
elapsed time = 25.69 | seconds power is 15 | number of threads is 8 | block size is 32,,,
elapsed time = 26.10 | seconds power is 16 | number of threads is 8 | block size is 32,,,
elapsed time = 26.50 | seconds power is 2 | number of threads is 8 | block size is 64,,,
elapsed time = 26.90 | seconds power is 3 | number of threads is 8 | block size is 64,,,
elapsed time = 27.30 | seconds power is 4 | number of threads is 8 | block size is 64,,,
elapsed time = 27.70 | seconds power is 5 | number of threads is 8 | block size is 64,,,
elapsed time = 28.10 | seconds power is 6 | number of threads is 8 | block size is 64,,,
elapsed time = 28.50 | seconds power is 7 | number of threads is 8 | block size is 64,,,
elapsed time = 28.91 | seconds power is 8 | number of threads is 8 | block size is 64,,,
elapsed time = 29.32 | seconds power is 9 | number of threads is 8 | block size is 64,,,
elapsed time = 29.72 | seconds power is 10 | number of threads is 8 | block size is 64,,,
elapsed time = 30.12 | seconds power is 11 | number of threads is 8 | block size is 64,,,
elapsed time = 30.52 | seconds power is 12 | number of threads is 8 | block size is 64,,,
elapsed time = 30.92 | seconds power is 13 | number of threads is 8 | block size is 64,,,
elapsed time = 31.32 | seconds power is 14 | number of threads is 8 | block size is 64,,,
elapsed time = 31.72 | seconds power is 15 | number of threads is 8 | block size is 64,,,
elapsed time = 32.12 | seconds power is 16 | number of threads is 8 | block size is 64,,,
1024 8 thread done,,,
elapsed time = 0.51 | seconds power is 2 | number of threads is 10 | block size is 4,,,
elapsed time = 1.02 | seconds power is 3 | number of threads is 10 | block size is 4,,,
elapsed time = 1.52 | seconds power is 4 | number of threads is 10 | block size is 4,,,
elapsed time = 2.02 | seconds power is 5 | number of threads is 10 | block size is 4,,,
elapsed time = 2.54 | seconds power is 6 | number of threads is 10 | block size is 4,,,
elapsed time = 3.04 | seconds power is 7 | number of threads is 10 | block size is 4,,,
elapsed time = 3.55 | seconds power is 8 | number of threads is 10 | block size is 4,,,
elapsed time = 4.06 | seconds power is 9 | number of threads is 10 | block size is 4,,,
elapsed time = 4.57 | seconds power is 10 | number of threads is 10 | block size is 4,,,
elapsed time = 5.08 | seconds power is 11 | number of threads is 10 | block size is 4,,,
elapsed time = 5.60 | seconds power is 12 | number of threads is 10 | block size is 4,,,
elapsed time = 6.10 | seconds power is 13 | number of threads is 10 | block size is 4,,,
elapsed time = 6.60 | seconds power is 14 | number of threads is 10 | block size is 4,,,
elapsed time = 7.11 | seconds power is 15 | number of threads is 10 | block size is 4,,,
elapsed time = 7.62 | seconds power is 16 | number of threads is 10 | block size is 4,,,
elapsed time = 8.07 | seconds power is 2 | number of threads is 10 | block size is 8,,,
elapsed time = 8.52 | seconds power is 3 | number of threads is 10 | block size is 8,,,
elapsed time = 8.97 | seconds power is 4 | number of threads is 10 | block size is 8,,,
elapsed time = 9.42 | seconds power is 5 | number of threads is 10 | block size is 8,,,
elapsed time = 9.87 | seconds power is 6 | number of threads is 10 | block size is 8,,,
elapsed time = 10.32 | seconds power is 7 | number of threads is 10 | block size is 8,,,
elapsed time = 10.77 | seconds power is 8 | number of threads is 10 | block size is 8,,,
elapsed time = 11.22 | seconds power is 9 | number of threads is 10 | block size is 8,,,
elapsed time = 11.67 | seconds power is 10 | number of threads is 10 | block size is 8,,,
elapsed time = 12.12 | seconds power is 11 | number of threads is 10 | block size is 8,,,
elapsed time = 12.58 | seconds power is 12 | number of threads is 10 | block size is 8,,,
elapsed time = 13.02 | seconds power is 13 | number of threads is 10 | block size is 8,,,
elapsed time = 13.47 | seconds power is 14 | number of threads is 10 | block size is 8,,,
elapsed time = 13.92 | seconds power is 15 | number of threads is 10 | block size is 8,,,
elapsed time = 14.37 | seconds power is 16 | number of threads is 10 | block size is 8,,,
elapsed time = 14.80 | seconds power is 2 | number of threads is 10 | block size is 16,,,
elapsed time = 15.23 | seconds power is 3 | number of threads is 10 | block size is 16,,,
elapsed time = 15.67 | seconds power is 4 | number of threads is 10 | block size is 16,,,
elapsed time = 16.10 | seconds power is 5 | number of threads is 10 | block size is 16,,,
elapsed time = 16.53 | seconds power is 6 | number of threads is 10 | block size is 16,,,
elapsed time = 16.97 | seconds power is 7 | number of threads is 10 | block size is 16,,,
elapsed time = 17.41 | seconds power is 8 | number of threads is 10 | block size is 16,,,
elapsed time = 17.84 | seconds power is 9 | number of threads is 10 | block size is 16,,,
elapsed time = 18.28 | seconds power is 10 | number of threads is 10 | block size is 16,,,
elapsed time = 18.72 | seconds power is 11 | number of threads is 10 | block size is 16,,,
elapsed time = 19.19 | seconds power is 12 | number of threads is 10 | block size is 16,,,
elapsed time = 19.61 | seconds power is 13 | number of threads is 10 | block size is 16,,,
elapsed time = 20.04 | seconds power is 14 | number of threads is 10 | block size is 16,,,
elapsed time = 20.48 | seconds power is 15 | number of threads is 10 | block size is 16,,,
elapsed time = 20.91 | seconds power is 16 | number of threads is 10 | block size is 16,,,
elapsed time = 21.37 | seconds power is 2 | number of threads is 10 | block size is 32,,,
elapsed time = 21.82 | seconds power is 3 | number of threads is 10 | block size is 32,,,
elapsed time = 22.30 | seconds power is 4 | number of threads is 10 | block size is 32,,,
elapsed time = 22.75 | seconds power is 5 | number of threads is 10 | block size is 32,,,
elapsed time = 23.20 | seconds power is 6 | number of threads is 10 | block size is 32,,,
elapsed time = 23.66 | seconds power is 7 | number of threads is 10 | block size is 32,,,
elapsed time = 24.12 | seconds power is 8 | number of threads is 10 | block size is 32,,,
elapsed time = 24.57 | seconds power is 9 | number of threads is 10 | block size is 32,,,
elapsed time = 25.04 | seconds power is 10 | number of threads is 10 | block size is 32,,,
elapsed time = 25.49 | seconds power is 11 | number of threads is 10 | block size is 32,,,
elapsed time = 25.94 | seconds power is 12 | number of threads is 10 | block size is 32,,,
elapsed time = 26.41 | seconds power is 13 | number of threads is 10 | block size is 32,,,
elapsed time = 26.85 | seconds power is 14 | number of threads is 10 | block size is 32,,,
elapsed time = 27.32 | seconds power is 15 | number of threads is 10 | block size is 32,,,
elapsed time = 27.78 | seconds power is 16 | number of threads is 10 | block size is 32,,,
elapsed time = 28.23 | seconds power is 2 | number of threads is 10 | block size is 64,,,
elapsed time = 28.68 | seconds power is 3 | number of threads is 10 | block size is 64,,,
elapsed time = 29.13 | seconds power is 4 | number of threads is 10 | block size is 64,,,
elapsed time = 29.59 | seconds power is 5 | number of threads is 10 | block size is 64,,,
elapsed time = 30.05 | seconds power is 6 | number of threads is 10 | block size is 64,,,
elapsed time = 30.50 | seconds power is 7 | number of threads is 10 | block size is 64,,,
elapsed time = 30.94 | seconds power is 8 | number of threads is 10 | block size is 64,,,
elapsed time = 31.39 | seconds power is 9 | number of threads is 10 | block size is 64,,,
elapsed time = 31.84 | seconds power is 10 | number of threads is 10 | block size is 64,,,
elapsed time = 32.28 | seconds power is 11 | number of threads is 10 | block size is 64,,,
elapsed time = 32.75 | seconds power is 12 | number of threads is 10 | block size is 64,,,
elapsed time = 33.19 | seconds power is 13 | number of threads is 10 | block size is 64,,,
elapsed time = 33.64 | seconds power is 14 | number of threads is 10 | block size is 64,,,
elapsed time = 34.09 | seconds power is 15 | number of threads is 10 | block size is 64,,,
elapsed time = 34.54 | seconds power is 16 | number of threads is 10 | block size is 64,,,
1024 10 thread done,,,
elapsed time = 0.46 | seconds power is 2 | number of threads is 12 | block size is 4,,,
elapsed time = 0.91 | seconds power is 3 | number of threads is 12 | block size is 4,,,
elapsed time = 1.37 | seconds power is 4 | number of threads is 12 | block size is 4,,,
elapsed time = 1.84 | seconds power is 5 | number of threads is 12 | block size is 4,,,
elapsed time = 2.31 | seconds power is 6 | number of threads is 12 | block size is 4,,,
elapsed time = 2.76 | seconds power is 7 | number of threads is 12 | block size is 4,,,
elapsed time = 3.23 | seconds power is 8 | number of threads is 12 | block size is 4,,,
elapsed time = 3.68 | seconds power is 9 | number of threads is 12 | block size is 4,,,
elapsed time = 4.13 | seconds power is 10 | number of threads is 12 | block size is 4,,,
elapsed time = 4.59 | seconds power is 11 | number of threads is 12 | block size is 4,,,
elapsed time = 5.04 | seconds power is 12 | number of threads is 12 | block size is 4,,,
elapsed time = 5.50 | seconds power is 13 | number of threads is 12 | block size is 4,,,
elapsed time = 5.96 | seconds power is 14 | number of threads is 12 | block size is 4,,,
elapsed time = 6.41 | seconds power is 15 | number of threads is 12 | block size is 4,,,
elapsed time = 6.86 | seconds power is 16 | number of threads is 12 | block size is 4,,,
elapsed time = 7.27 | seconds power is 2 | number of threads is 12 | block size is 8,,,
elapsed time = 7.67 | seconds power is 3 | number of threads is 12 | block size is 8,,,
elapsed time = 8.08 | seconds power is 4 | number of threads is 12 | block size is 8,,,
elapsed time = 8.49 | seconds power is 5 | number of threads is 12 | block size is 8,,,
elapsed time = 8.89 | seconds power is 6 | number of threads is 12 | block size is 8,,,
elapsed time = 9.29 | seconds power is 7 | number of threads is 12 | block size is 8,,,
elapsed time = 9.71 | seconds power is 8 | number of threads is 12 | block size is 8,,,
elapsed time = 10.11 | seconds power is 9 | number of threads is 12 | block size is 8,,,
elapsed time = 10.54 | seconds power is 10 | number of threads is 12 | block size is 8,,,
elapsed time = 10.95 | seconds power is 11 | number of threads is 12 | block size is 8,,,
elapsed time = 11.36 | seconds power is 12 | number of threads is 12 | block size is 8,,,
elapsed time = 11.77 | seconds power is 13 | number of threads is 12 | block size is 8,,,
elapsed time = 12.22 | seconds power is 14 | number of threads is 12 | block size is 8,,,
elapsed time = 12.61 | seconds power is 15 | number of threads is 12 | block size is 8,,,
elapsed time = 13.04 | seconds power is 16 | number of threads is 12 | block size is 8,,,
elapsed time = 13.39 | seconds power is 2 | number of threads is 12 | block size is 16,,,
elapsed time = 13.79 | seconds power is 3 | number of threads is 12 | block size is 16,,,
elapsed time = 14.16 | seconds power is 4 | number of threads is 12 | block size is 16,,,
elapsed time = 14.56 | seconds power is 5 | number of threads is 12 | block size is 16,,,
elapsed time = 14.95 | seconds power is 6 | number of threads is 12 | block size is 16,,,
elapsed time = 15.34 | seconds power is 7 | number of threads is 12 | block size is 16,,,
elapsed time = 15.74 | seconds power is 8 | number of threads is 12 | block size is 16,,,
elapsed time = 16.13 | seconds power is 9 | number of threads is 12 | block size is 16,,,
elapsed time = 16.55 | seconds power is 10 | number of threads is 12 | block size is 16,,,
elapsed time = 16.95 | seconds power is 11 | number of threads is 12 | block size is 16,,,
elapsed time = 17.36 | seconds power is 12 | number of threads is 12 | block size is 16,,,
elapsed time = 17.75 | seconds power is 13 | number of threads is 12 | block size is 16,,,
elapsed time = 18.14 | seconds power is 14 | number of threads is 12 | block size is 16,,,
elapsed time = 18.55 | seconds power is 15 | number of threads is 12 | block size is 16,,,
elapsed time = 18.94 | seconds power is 16 | number of threads is 12 | block size is 16,,,
elapsed time = 19.32 | seconds power is 2 | number of threads is 12 | block size is 32,,,
elapsed time = 19.71 | seconds power is 3 | number of threads is 12 | block size is 32,,,
elapsed time = 20.12 | seconds power is 4 | number of threads is 12 | block size is 32,,,
elapsed time = 20.51 | seconds power is 5 | number of threads is 12 | block size is 32,,,
elapsed time = 20.89 | seconds power is 6 | number of threads is 12 | block size is 32,,,
elapsed time = 21.30 | seconds power is 7 | number of threads is 12 | block size is 32,,,
elapsed time = 21.68 | seconds power is 8 | number of threads is 12 | block size is 32,,,
elapsed time = 22.07 | seconds power is 9 | number of threads is 12 | block size is 32,,,
elapsed time = 22.47 | seconds power is 10 | number of threads is 12 | block size is 32,,,
elapsed time = 22.86 | seconds power is 11 | number of threads is 12 | block size is 32,,,
elapsed time = 23.26 | seconds power is 12 | number of threads is 12 | block size is 32,,,
elapsed time = 23.65 | seconds power is 13 | number of threads is 12 | block size is 32,,,
elapsed time = 24.05 | seconds power is 14 | number of threads is 12 | block size is 32,,,
elapsed time = 24.44 | seconds power is 15 | number of threads is 12 | block size is 32,,,
elapsed time = 24.85 | seconds power is 16 | number of threads is 12 | block size is 32,,,
elapsed time = 25.31 | seconds power is 2 | number of threads is 12 | block size is 64,,,
elapsed time = 25.75 | seconds power is 3 | number of threads is 12 | block size is 64,,,
elapsed time = 26.20 | seconds power is 4 | number of threads is 12 | block size is 64,,,
elapsed time = 26.63 | seconds power is 5 | number of threads is 12 | block size is 64,,,
elapsed time = 27.05 | seconds power is 6 | number of threads is 12 | block size is 64,,,
elapsed time = 27.52 | seconds power is 7 | number of threads is 12 | block size is 64,,,
elapsed time = 27.96 | seconds power is 8 | number of threads is 12 | block size is 64,,,
elapsed time = 28.41 | seconds power is 9 | number of threads is 12 | block size is 64,,,
elapsed time = 28.84 | seconds power is 10 | number of threads is 12 | block size is 64,,,
elapsed time = 29.29 | seconds power is 11 | number of threads is 12 | block size is 64,,,
elapsed time = 29.74 | seconds power is 12 | number of threads is 12 | block size is 64,,,
elapsed time = 30.19 | seconds power is 13 | number of threads is 12 | block size is 64,,,
elapsed time = 30.64 | seconds power is 14 | number of threads is 12 | block size is 64,,,
elapsed time = 31.08 | seconds power is 15 | number of threads is 12 | block size is 64,,,
elapsed time = 31.54 | seconds power is 16 | number of threads is 12 | block size is 64,,,
1024 12 thread done,,,
elapsed time = 0.43 | seconds power is 2 | number of threads is 14 | block size is 4,,,
elapsed time = 0.87 | seconds power is 3 | number of threads is 14 | block size is 4,,,
elapsed time = 1.32 | seconds power is 4 | number of threads is 14 | block size is 4,,,
elapsed time = 1.78 | seconds power is 5 | number of threads is 14 | block size is 4,,,
elapsed time = 2.23 | seconds power is 6 | number of threads is 14 | block size is 4,,,
elapsed time = 2.68 | seconds power is 7 | number of threads is 14 | block size is 4,,,
elapsed time = 3.11 | seconds power is 8 | number of threads is 14 | block size is 4,,,
elapsed time = 3.57 | seconds power is 9 | number of threads is 14 | block size is 4,,,
elapsed time = 4.01 | seconds power is 10 | number of threads is 14 | block size is 4,,,
elapsed time = 4.46 | seconds power is 11 | number of threads is 14 | block size is 4,,,
elapsed time = 4.93 | seconds power is 12 | number of threads is 14 | block size is 4,,,
elapsed time = 5.36 | seconds power is 13 | number of threads is 14 | block size is 4,,,
elapsed time = 5.83 | seconds power is 14 | number of threads is 14 | block size is 4,,,
elapsed time = 6.28 | seconds power is 15 | number of threads is 14 | block size is 4,,,
elapsed time = 6.72 | seconds power is 16 | number of threads is 14 | block size is 4,,,
elapsed time = 7.12 | seconds power is 2 | number of threads is 14 | block size is 8,,,
elapsed time = 7.52 | seconds power is 3 | number of threads is 14 | block size is 8,,,
elapsed time = 7.93 | seconds power is 4 | number of threads is 14 | block size is 8,,,
elapsed time = 8.34 | seconds power is 5 | number of threads is 14 | block size is 8,,,
elapsed time = 8.74 | seconds power is 6 | number of threads is 14 | block size is 8,,,
elapsed time = 9.16 | seconds power is 7 | number of threads is 14 | block size is 8,,,
elapsed time = 9.56 | seconds power is 8 | number of threads is 14 | block size is 8,,,
elapsed time = 9.98 | seconds power is 9 | number of threads is 14 | block size is 8,,,
elapsed time = 10.39 | seconds power is 10 | number of threads is 14 | block size is 8,,,
elapsed time = 10.80 | seconds power is 11 | number of threads is 14 | block size is 8,,,
elapsed time = 11.19 | seconds power is 12 | number of threads is 14 | block size is 8,,,
elapsed time = 11.61 | seconds power is 13 | number of threads is 14 | block size is 8,,,
elapsed time = 12.04 | seconds power is 14 | number of threads is 14 | block size is 8,,,
elapsed time = 12.44 | seconds power is 15 | number of threads is 14 | block size is 8,,,
elapsed time = 12.85 | seconds power is 16 | number of threads is 14 | block size is 8,,,
elapsed time = 13.25 | seconds power is 2 | number of threads is 14 | block size is 16,,,
elapsed time = 13.64 | seconds power is 3 | number of threads is 14 | block size is 16,,,
elapsed time = 14.06 | seconds power is 4 | number of threads is 14 | block size is 16,,,
elapsed time = 14.46 | seconds power is 5 | number of threads is 14 | block size is 16,,,
elapsed time = 14.84 | seconds power is 6 | number of threads is 14 | block size is 16,,,
elapsed time = 15.23 | seconds power is 7 | number of threads is 14 | block size is 16,,,
elapsed time = 15.61 | seconds power is 8 | number of threads is 14 | block size is 16,,,
elapsed time = 16.01 | seconds power is 9 | number of threads is 14 | block size is 16,,,
elapsed time = 16.40 | seconds power is 10 | number of threads is 14 | block size is 16,,,
elapsed time = 16.79 | seconds power is 11 | number of threads is 14 | block size is 16,,,
elapsed time = 17.18 | seconds power is 12 | number of threads is 14 | block size is 16,,,
elapsed time = 17.57 | seconds power is 13 | number of threads is 14 | block size is 16,,,
elapsed time = 17.96 | seconds power is 14 | number of threads is 14 | block size is 16,,,
elapsed time = 18.35 | seconds power is 15 | number of threads is 14 | block size is 16,,,
elapsed time = 18.75 | seconds power is 16 | number of threads is 14 | block size is 16,,,
elapsed time = 19.16 | seconds power is 2 | number of threads is 14 | block size is 32,,,
elapsed time = 19.57 | seconds power is 3 | number of threads is 14 | block size is 32,,,
elapsed time = 19.99 | seconds power is 4 | number of threads is 14 | block size is 32,,,
elapsed time = 20.40 | seconds power is 5 | number of threads is 14 | block size is 32,,,
elapsed time = 20.82 | seconds power is 6 | number of threads is 14 | block size is 32,,,
elapsed time = 21.23 | seconds power is 7 | number of threads is 14 | block size is 32,,,
elapsed time = 21.65 | seconds power is 8 | number of threads is 14 | block size is 32,,,
elapsed time = 22.04 | seconds power is 9 | number of threads is 14 | block size is 32,,,
elapsed time = 22.47 | seconds power is 10 | number of threads is 14 | block size is 32,,,
elapsed time = 22.89 | seconds power is 11 | number of threads is 14 | block size is 32,,,
elapsed time = 23.33 | seconds power is 12 | number of threads is 14 | block size is 32,,,
elapsed time = 23.75 | seconds power is 13 | number of threads is 14 | block size is 32,,,
elapsed time = 24.16 | seconds power is 14 | number of threads is 14 | block size is 32,,,
elapsed time = 24.53 | seconds power is 15 | number of threads is 14 | block size is 32,,,
elapsed time = 24.93 | seconds power is 16 | number of threads is 14 | block size is 32,,,
elapsed time = 25.40 | seconds power is 2 | number of threads is 14 | block size is 64,,,
elapsed time = 25.87 | seconds power is 3 | number of threads is 14 | block size is 64,,,
elapsed time = 26.38 | seconds power is 4 | number of threads is 14 | block size is 64,,,
elapsed time = 26.76 | seconds power is 5 | number of threads is 14 | block size is 64,,,
elapsed time = 27.16 | seconds power is 6 | number of threads is 14 | block size is 64,,,
elapsed time = 27.56 | seconds power is 7 | number of threads is 14 | block size is 64,,,
elapsed time = 27.96 | seconds power is 8 | number of threads is 14 | block size is 64,,,
elapsed time = 28.35 | seconds power is 9 | number of threads is 14 | block size is 64,,,
elapsed time = 28.76 | seconds power is 10 | number of threads is 14 | block size is 64,,,
elapsed time = 29.18 | seconds power is 11 | number of threads is 14 | block size is 64,,,
elapsed time = 29.69 | seconds power is 12 | number of threads is 14 | block size is 64,,,
elapsed time = 30.17 | seconds power is 13 | number of threads is 14 | block size is 64,,,
elapsed time = 30.64 | seconds power is 14 | number of threads is 14 | block size is 64,,,
elapsed time = 31.11 | seconds power is 15 | number of threads is 14 | block size is 64,,,
elapsed time = 31.59 | seconds power is 16 | number of threads is 14 | block size is 64,,,
1024 14 thread done,,,
elapsed time = 0.42 | seconds power is 2 | number of threads is 16 | block size is 4,,,
elapsed time = 0.88 | seconds power is 3 | number of threads is 16 | block size is 4,,,
elapsed time = 1.47 | seconds power is 4 | number of threads is 16 | block size is 4,,,
elapsed time = 1.91 | seconds power is 5 | number of threads is 16 | block size is 4,,,
elapsed time = 2.34 | seconds power is 6 | number of threads is 16 | block size is 4,,,
elapsed time = 2.77 | seconds power is 7 | number of threads is 16 | block size is 4,,,
elapsed time = 3.20 | seconds power is 8 | number of threads is 16 | block size is 4,,,
elapsed time = 3.63 | seconds power is 9 | number of threads is 16 | block size is 4,,,
elapsed time = 4.07 | seconds power is 10 | number of threads is 16 | block size is 4,,,
elapsed time = 4.50 | seconds power is 11 | number of threads is 16 | block size is 4,,,
elapsed time = 4.93 | seconds power is 12 | number of threads is 16 | block size is 4,,,
elapsed time = 5.36 | seconds power is 13 | number of threads is 16 | block size is 4,,,
elapsed time = 5.80 | seconds power is 14 | number of threads is 16 | block size is 4,,,
elapsed time = 6.23 | seconds power is 15 | number of threads is 16 | block size is 4,,,
elapsed time = 6.65 | seconds power is 16 | number of threads is 16 | block size is 4,,,
elapsed time = 7.05 | seconds power is 2 | number of threads is 16 | block size is 8,,,
elapsed time = 7.44 | seconds power is 3 | number of threads is 16 | block size is 8,,,
elapsed time = 7.83 | seconds power is 4 | number of threads is 16 | block size is 8,,,
elapsed time = 8.23 | seconds power is 5 | number of threads is 16 | block size is 8,,,
elapsed time = 8.61 | seconds power is 6 | number of threads is 16 | block size is 8,,,
elapsed time = 9.01 | seconds power is 7 | number of threads is 16 | block size is 8,,,
elapsed time = 9.40 | seconds power is 8 | number of threads is 16 | block size is 8,,,
elapsed time = 9.79 | seconds power is 9 | number of threads is 16 | block size is 8,,,
elapsed time = 10.19 | seconds power is 10 | number of threads is 16 | block size is 8,,,
elapsed time = 10.57 | seconds power is 11 | number of threads is 16 | block size is 8,,,
elapsed time = 10.97 | seconds power is 12 | number of threads is 16 | block size is 8,,,
elapsed time = 11.36 | seconds power is 13 | number of threads is 16 | block size is 8,,,
elapsed time = 11.73 | seconds power is 14 | number of threads is 16 | block size is 8,,,
elapsed time = 12.12 | seconds power is 15 | number of threads is 16 | block size is 8,,,
elapsed time = 12.50 | seconds power is 16 | number of threads is 16 | block size is 8,,,
elapsed time = 12.90 | seconds power is 2 | number of threads is 16 | block size is 16,,,
elapsed time = 13.28 | seconds power is 3 | number of threads is 16 | block size is 16,,,
elapsed time = 13.64 | seconds power is 4 | number of threads is 16 | block size is 16,,,
elapsed time = 14.01 | seconds power is 5 | number of threads is 16 | block size is 16,,,
elapsed time = 14.38 | seconds power is 6 | number of threads is 16 | block size is 16,,,
elapsed time = 14.75 | seconds power is 7 | number of threads is 16 | block size is 16,,,
elapsed time = 15.12 | seconds power is 8 | number of threads is 16 | block size is 16,,,
elapsed time = 15.50 | seconds power is 9 | number of threads is 16 | block size is 16,,,
elapsed time = 15.87 | seconds power is 10 | number of threads is 16 | block size is 16,,,
elapsed time = 16.25 | seconds power is 11 | number of threads is 16 | block size is 16,,,
elapsed time = 16.62 | seconds power is 12 | number of threads is 16 | block size is 16,,,
elapsed time = 17.00 | seconds power is 13 | number of threads is 16 | block size is 16,,,
elapsed time = 17.38 | seconds power is 14 | number of threads is 16 | block size is 16,,,
elapsed time = 17.75 | seconds power is 15 | number of threads is 16 | block size is 16,,,
elapsed time = 18.13 | seconds power is 16 | number of threads is 16 | block size is 16,,,
elapsed time = 18.50 | seconds power is 2 | number of threads is 16 | block size is 32,,,
elapsed time = 18.89 | seconds power is 3 | number of threads is 16 | block size is 32,,,
elapsed time = 19.26 | seconds power is 4 | number of threads is 16 | block size is 32,,,
elapsed time = 19.62 | seconds power is 5 | number of threads is 16 | block size is 32,,,
elapsed time = 19.99 | seconds power is 6 | number of threads is 16 | block size is 32,,,
elapsed time = 20.37 | seconds power is 7 | number of threads is 16 | block size is 32,,,
elapsed time = 20.76 | seconds power is 8 | number of threads is 16 | block size is 32,,,
elapsed time = 21.13 | seconds power is 9 | number of threads is 16 | block size is 32,,,
elapsed time = 21.51 | seconds power is 10 | number of threads is 16 | block size is 32,,,
elapsed time = 21.89 | seconds power is 11 | number of threads is 16 | block size is 32,,,
elapsed time = 22.25 | seconds power is 12 | number of threads is 16 | block size is 32,,,
elapsed time = 22.62 | seconds power is 13 | number of threads is 16 | block size is 32,,,
elapsed time = 22.99 | seconds power is 14 | number of threads is 16 | block size is 32,,,
elapsed time = 23.37 | seconds power is 15 | number of threads is 16 | block size is 32,,,
elapsed time = 23.75 | seconds power is 16 | number of threads is 16 | block size is 32,,,
elapsed time = 24.11 | seconds power is 2 | number of threads is 16 | block size is 64,,,
elapsed time = 24.51 | seconds power is 3 | number of threads is 16 | block size is 64,,,
elapsed time = 24.87 | seconds power is 4 | number of threads is 16 | block size is 64,,,
elapsed time = 25.25 | seconds power is 5 | number of threads is 16 | block size is 64,,,
elapsed time = 25.61 | seconds power is 6 | number of threads is 16 | block size is 64,,,
elapsed time = 25.98 | seconds power is 7 | number of threads is 16 | block size is 64,,,
elapsed time = 26.35 | seconds power is 8 | number of threads is 16 | block size is 64,,,
elapsed time = 26.71 | seconds power is 9 | number of threads is 16 | block size is 64,,,
elapsed time = 27.09 | seconds power is 10 | number of threads is 16 | block size is 64,,,
elapsed time = 27.47 | seconds power is 11 | number of threads is 16 | block size is 64,,,
elapsed time = 27.85 | seconds power is 12 | number of threads is 16 | block size is 64,,,
elapsed time = 28.22 | seconds power is 13 | number of threads is 16 | block size is 64,,,
elapsed time = 28.59 | seconds power is 14 | number of threads is 16 | block size is 64,,,
elapsed time = 28.96 | seconds power is 15 | number of threads is 16 | block size is 64,,,
elapsed time = 29.32 | seconds power is 16 | number of threads is 16 | block size is 64,,,
1024 16 thread done,,,
