2048x2048 bmm transpose 3,,,
elapsed time,power,no of threads,
34.29,2,1, block size is 4
66.89,3,1, block size is 4
99.14,4,1, block size is 4
131.3,5,1, block size is 4
163.45,6,1, block size is 4
195.59,7,1, block size is 4
227.74,8,1, block size is 4
259.92,9,1, block size is 4
292.11,10,1, block size is 4
324.2,11,1, block size is 4
356.36,12,1, block size is 4
388.46,13,1, block size is 4
420.59,14,1, block size is 4
452.71,15,1, block size is 4
484.81,16,1, block size is 4
506.55,2,1, block size is 8
528.29,3,1, block size is 8
550.02,4,1, block size is 8
571.79,5,1, block size is 8
593.54,6,1, block size is 8
615.28,7,1, block size is 8
637.04,8,1, block size is 8
658.8,9,1, block size is 8
680.53,10,1, block size is 8
702.28,11,1, block size is 8
724.04,12,1, block size is 8
745.79,13,1, block size is 8
767.54,14,1, block size is 8
789.3,15,1, block size is 8
811.06,16,1, block size is 8
831.43,2,1, block size is 16
851.79,3,1, block size is 16
872.16,4,1, block size is 16
892.53,5,1, block size is 16
912.9,6,1, block size is 16
933.26,7,1, block size is 16
953.63,8,1, block size is 16
974.01,9,1, block size is 16
994.38,10,1, block size is 16
1014.75,11,1, block size is 16
1035.13,12,1, block size is 16
1055.5,13,1, block size is 16
1075.88,14,1, block size is 16
1096.25,15,1, block size is 16
1116.62,16,1, block size is 16
1136.96,2,1, block size is 32
1157.3,3,1, block size is 32
1177.64,4,1, block size is 32
1197.97,5,1, block size is 32
1218.31,6,1, block size is 32
1238.65,7,1, block size is 32
1259,8,1, block size is 32
1279.33,9,1, block size is 32
1299.67,10,1, block size is 32
1320,11,1, block size is 32
1340.35,12,1, block size is 32
1360.69,13,1, block size is 32
1381.02,14,1, block size is 32
1401.36,15,1, block size is 32
1421.69,16,1, block size is 32
1441.55,2,1, block size is 64
1461.41,3,1, block size is 64
1481.27,4,1, block size is 64
1501.13,5,1, block size is 64
1520.99,6,1, block size is 64
1540.86,7,1, block size is 64
1560.73,8,1, block size is 64
1580.59,9,1, block size is 64
1600.46,10,1, block size is 64
1620.33,11,1, block size is 64
1640.19,12,1, block size is 64
1660.05,13,1, block size is 64
1679.91,14,1, block size is 64
1699.77,15,1, block size is 64
1719.63,16,1, block size is 64
2048 1 thread done,,,
17.26,2,2, block size is 4
34.46,3,2, block size is 4
51.66,4,2, block size is 4
68.89,5,2, block size is 4
86.11,6,2, block size is 4
103.54,7,2, block size is 4
121.62,8,2, block size is 4
138.89,9,2, block size is 4
156.11,10,2, block size is 4
173.31,11,2, block size is 4
190.52,12,2, block size is 4
207.72,13,2, block size is 4
224.93,14,2, block size is 4
242.13,15,2, block size is 4
259.34,16,2, block size is 4
269.75,2,2, block size is 8
280.17,3,2, block size is 8
290.59,4,2, block size is 8
301.01,5,2, block size is 8
311.43,6,2, block size is 8
321.85,7,2, block size is 8
332.27,8,2, block size is 8
342.69,9,2, block size is 8
353.11,10,2, block size is 8
363.52,11,2, block size is 8
373.94,12,2, block size is 8
384.36,13,2, block size is 8
394.78,14,2, block size is 8
405.2,15,2, block size is 8
415.62,16,2, block size is 8
425.51,2,2, block size is 16
435.4,3,2, block size is 16
445.29,4,2, block size is 16
455.18,5,2, block size is 16
465.07,6,2, block size is 16
474.98,7,2, block size is 16
484.9,8,2, block size is 16
494.84,9,2, block size is 16
504.76,10,2, block size is 16
514.66,11,2, block size is 16
524.56,12,2, block size is 16
534.44,13,2, block size is 16
544.33,14,2, block size is 16
554.22,15,2, block size is 16
564.1,16,2, block size is 16
574.26,2,2, block size is 32
584.42,3,2, block size is 32
594.57,4,2, block size is 32
604.73,5,2, block size is 32
614.9,6,2, block size is 32
625.06,7,2, block size is 32
635.21,8,2, block size is 32
645.37,9,2, block size is 32
655.52,10,2, block size is 32
665.69,11,2, block size is 32
675.85,12,2, block size is 32
686.01,13,2, block size is 32
696.17,14,2, block size is 32
706.34,15,2, block size is 32
716.5,16,2, block size is 32
726.42,2,2, block size is 64
736.34,3,2, block size is 64
746.27,4,2, block size is 64
756.19,5,2, block size is 64
766.11,6,2, block size is 64
776.04,7,2, block size is 64
785.96,8,2, block size is 64
795.88,9,2, block size is 64
elapsed time = 805.81 | seconds power is 10 | number of threads is 2 | block size is 64,,,
elapsed time = 815.73 | seconds power is 11 | number of threads is 2 | block size is 64,,,
elapsed time = 825.65 | seconds power is 12 | number of threads is 2 | block size is 64,,,
elapsed time = 835.58 | seconds power is 13 | number of threads is 2 | block size is 64,,,
elapsed time = 845.51 | seconds power is 14 | number of threads is 2 | block size is 64,,,
elapsed time = 855.43 | seconds power is 15 | number of threads is 2 | block size is 64,,,
elapsed time = 865.36 | seconds power is 16 | number of threads is 2 | block size is 64,,,
2048 2 thread done,,,
elapsed time = 8.26 | seconds power is 2 | number of threads is 4 | block size is 4,,,
elapsed time = 16.50 | seconds power is 3 | number of threads is 4 | block size is 4,,,
elapsed time = 24.71 | seconds power is 4 | number of threads is 4 | block size is 4,,,
elapsed time = 32.90 | seconds power is 5 | number of threads is 4 | block size is 4,,,
elapsed time = 41.09 | seconds power is 6 | number of threads is 4 | block size is 4,,,
elapsed time = 49.30 | seconds power is 7 | number of threads is 4 | block size is 4,,,
elapsed time = 57.50 | seconds power is 8 | number of threads is 4 | block size is 4,,,
elapsed time = 65.69 | seconds power is 9 | number of threads is 4 | block size is 4,,,
elapsed time = 73.89 | seconds power is 10 | number of threads is 4 | block size is 4,,,
elapsed time = 82.11 | seconds power is 11 | number of threads is 4 | block size is 4,,,
elapsed time = 90.31 | seconds power is 12 | number of threads is 4 | block size is 4,,,
elapsed time = 98.52 | seconds power is 13 | number of threads is 4 | block size is 4,,,
elapsed time = 106.73 | seconds power is 14 | number of threads is 4 | block size is 4,,,
elapsed time = 114.95 | seconds power is 15 | number of threads is 4 | block size is 4,,,
elapsed time = 123.15 | seconds power is 16 | number of threads is 4 | block size is 4,,,
elapsed time = 128.64 | seconds power is 2 | number of threads is 4 | block size is 8,,,
elapsed time = 134.14 | seconds power is 3 | number of threads is 4 | block size is 8,,,
elapsed time = 139.57 | seconds power is 4 | number of threads is 4 | block size is 8,,,
elapsed time = 144.99 | seconds power is 5 | number of threads is 4 | block size is 8,,,
elapsed time = 150.45 | seconds power is 6 | number of threads is 4 | block size is 8,,,
elapsed time = 155.86 | seconds power is 7 | number of threads is 4 | block size is 8,,,
elapsed time = 161.28 | seconds power is 8 | number of threads is 4 | block size is 8,,,
elapsed time = 166.70 | seconds power is 9 | number of threads is 4 | block size is 8,,,
elapsed time = 172.12 | seconds power is 10 | number of threads is 4 | block size is 8,,,
elapsed time = 177.52 | seconds power is 11 | number of threads is 4 | block size is 8,,,
elapsed time = 182.92 | seconds power is 12 | number of threads is 4 | block size is 8,,,
elapsed time = 188.31 | seconds power is 13 | number of threads is 4 | block size is 8,,,
elapsed time = 193.71 | seconds power is 14 | number of threads is 4 | block size is 8,,,
elapsed time = 199.10 | seconds power is 15 | number of threads is 4 | block size is 8,,,
elapsed time = 204.49 | seconds power is 16 | number of threads is 4 | block size is 8,,,
elapsed time = 209.75 | seconds power is 2 | number of threads is 4 | block size is 16,,,
elapsed time = 215.03 | seconds power is 3 | number of threads is 4 | block size is 16,,,
elapsed time = 220.28 | seconds power is 4 | number of threads is 4 | block size is 16,,,
elapsed time = 225.52 | seconds power is 5 | number of threads is 4 | block size is 16,,,
elapsed time = 230.78 | seconds power is 6 | number of threads is 4 | block size is 16,,,
elapsed time = 236.03 | seconds power is 7 | number of threads is 4 | block size is 16,,,
elapsed time = 241.27 | seconds power is 8 | number of threads is 4 | block size is 16,,,
elapsed time = 246.51 | seconds power is 9 | number of threads is 4 | block size is 16,,,
elapsed time = 251.76 | seconds power is 10 | number of threads is 4 | block size is 16,,,
elapsed time = 257.00 | seconds power is 11 | number of threads is 4 | block size is 16,,,
elapsed time = 262.24 | seconds power is 12 | number of threads is 4 | block size is 16,,,
elapsed time = 267.48 | seconds power is 13 | number of threads is 4 | block size is 16,,,
elapsed time = 272.72 | seconds power is 14 | number of threads is 4 | block size is 16,,,
elapsed time = 277.96 | seconds power is 15 | number of threads is 4 | block size is 16,,,
elapsed time = 283.21 | seconds power is 16 | number of threads is 4 | block size is 16,,,
elapsed time = 288.60 | seconds power is 2 | number of threads is 4 | block size is 32,,,
elapsed time = 293.99 | seconds power is 3 | number of threads is 4 | block size is 32,,,
elapsed time = 299.37 | seconds power is 4 | number of threads is 4 | block size is 32,,,
elapsed time = 304.76 | seconds power is 5 | number of threads is 4 | block size is 32,,,
elapsed time = 310.14 | seconds power is 6 | number of threads is 4 | block size is 32,,,
elapsed time = 315.53 | seconds power is 7 | number of threads is 4 | block size is 32,,,
elapsed time = 320.91 | seconds power is 8 | number of threads is 4 | block size is 32,,,
elapsed time = 326.31 | seconds power is 9 | number of threads is 4 | block size is 32,,,
elapsed time = 331.71 | seconds power is 10 | number of threads is 4 | block size is 32,,,
elapsed time = 337.09 | seconds power is 11 | number of threads is 4 | block size is 32,,,
elapsed time = 342.47 | seconds power is 12 | number of threads is 4 | block size is 32,,,
elapsed time = 347.85 | seconds power is 13 | number of threads is 4 | block size is 32,,,
elapsed time = 353.23 | seconds power is 14 | number of threads is 4 | block size is 32,,,
elapsed time = 358.62 | seconds power is 15 | number of threads is 4 | block size is 32,,,
elapsed time = 364.01 | seconds power is 16 | number of threads is 4 | block size is 32,,,
elapsed time = 369.27 | seconds power is 2 | number of threads is 4 | block size is 64,,,
elapsed time = 374.54 | seconds power is 3 | number of threads is 4 | block size is 64,,,
elapsed time = 379.80 | seconds power is 4 | number of threads is 4 | block size is 64,,,
elapsed time = 385.06 | seconds power is 5 | number of threads is 4 | block size is 64,,,
elapsed time = 390.32 | seconds power is 6 | number of threads is 4 | block size is 64,,,
elapsed time = 395.58 | seconds power is 7 | number of threads is 4 | block size is 64,,,
elapsed time = 400.84 | seconds power is 8 | number of threads is 4 | block size is 64,,,
elapsed time = 406.10 | seconds power is 9 | number of threads is 4 | block size is 64,,,
elapsed time = 411.35 | seconds power is 10 | number of threads is 4 | block size is 64,,,
elapsed time = 416.61 | seconds power is 11 | number of threads is 4 | block size is 64,,,
elapsed time = 421.87 | seconds power is 12 | number of threads is 4 | block size is 64,,,
elapsed time = 427.12 | seconds power is 13 | number of threads is 4 | block size is 64,,,
elapsed time = 432.37 | seconds power is 14 | number of threads is 4 | block size is 64,,,
elapsed time = 437.63 | seconds power is 15 | number of threads is 4 | block size is 64,,,
elapsed time = 442.87 | seconds power is 16 | number of threads is 4 | block size is 64,,,
2048 4 thread done,,,
elapsed time = 5.93 | seconds power is 2 | number of threads is 6 | block size is 4,,,
elapsed time = 11.96 | seconds power is 3 | number of threads is 6 | block size is 4,,,
elapsed time = 17.89 | seconds power is 4 | number of threads is 6 | block size is 4,,,
elapsed time = 23.86 | seconds power is 5 | number of threads is 6 | block size is 4,,,
elapsed time = 29.79 | seconds power is 6 | number of threads is 6 | block size is 4,,,
elapsed time = 35.87 | seconds power is 7 | number of threads is 6 | block size is 4,,,
elapsed time = 41.79 | seconds power is 8 | number of threads is 6 | block size is 4,,,
elapsed time = 47.78 | seconds power is 9 | number of threads is 6 | block size is 4,,,
elapsed time = 53.72 | seconds power is 10 | number of threads is 6 | block size is 4,,,
elapsed time = 59.69 | seconds power is 11 | number of threads is 6 | block size is 4,,,
elapsed time = 65.65 | seconds power is 12 | number of threads is 6 | block size is 4,,,
elapsed time = 71.64 | seconds power is 13 | number of threads is 6 | block size is 4,,,
elapsed time = 77.67 | seconds power is 14 | number of threads is 6 | block size is 4,,,
elapsed time = 83.64 | seconds power is 15 | number of threads is 6 | block size is 4,,,
elapsed time = 89.61 | seconds power is 16 | number of threads is 6 | block size is 4,,,
elapsed time = 93.78 | seconds power is 2 | number of threads is 6 | block size is 8,,,
elapsed time = 97.88 | seconds power is 3 | number of threads is 6 | block size is 8,,,
elapsed time = 102.00 | seconds power is 4 | number of threads is 6 | block size is 8,,,
elapsed time = 106.15 | seconds power is 5 | number of threads is 6 | block size is 8,,,
elapsed time = 110.29 | seconds power is 6 | number of threads is 6 | block size is 8,,,
elapsed time = 114.46 | seconds power is 7 | number of threads is 6 | block size is 8,,,
elapsed time = 118.63 | seconds power is 8 | number of threads is 6 | block size is 8,,,
elapsed time = 122.81 | seconds power is 9 | number of threads is 6 | block size is 8,,,
elapsed time = 127.01 | seconds power is 10 | number of threads is 6 | block size is 8,,,
elapsed time = 131.21 | seconds power is 11 | number of threads is 6 | block size is 8,,,
elapsed time = 135.35 | seconds power is 12 | number of threads is 6 | block size is 8,,,
elapsed time = 139.57 | seconds power is 13 | number of threads is 6 | block size is 8,,,
elapsed time = 143.77 | seconds power is 14 | number of threads is 6 | block size is 8,,,
elapsed time = 147.97 | seconds power is 15 | number of threads is 6 | block size is 8,,,
elapsed time = 152.15 | seconds power is 16 | number of threads is 6 | block size is 8,,,
elapsed time = 156.28 | seconds power is 2 | number of threads is 6 | block size is 16,,,
elapsed time = 160.39 | seconds power is 3 | number of threads is 6 | block size is 16,,,
elapsed time = 164.51 | seconds power is 4 | number of threads is 6 | block size is 16,,,
elapsed time = 168.62 | seconds power is 5 | number of threads is 6 | block size is 16,,,
elapsed time = 172.73 | seconds power is 6 | number of threads is 6 | block size is 16,,,
elapsed time = 176.85 | seconds power is 7 | number of threads is 6 | block size is 16,,,
elapsed time = 180.96 | seconds power is 8 | number of threads is 6 | block size is 16,,,
elapsed time = 185.08 | seconds power is 9 | number of threads is 6 | block size is 16,,,
elapsed time = 189.19 | seconds power is 10 | number of threads is 6 | block size is 16,,,
elapsed time = 193.33 | seconds power is 11 | number of threads is 6 | block size is 16,,,
elapsed time = 197.44 | seconds power is 12 | number of threads is 6 | block size is 16,,,
elapsed time = 201.56 | seconds power is 13 | number of threads is 6 | block size is 16,,,
elapsed time = 205.67 | seconds power is 14 | number of threads is 6 | block size is 16,,,
elapsed time = 209.77 | seconds power is 15 | number of threads is 6 | block size is 16,,,
elapsed time = 213.86 | seconds power is 16 | number of threads is 6 | block size is 16,,,
elapsed time = 217.97 | seconds power is 2 | number of threads is 6 | block size is 32,,,
elapsed time = 222.08 | seconds power is 3 | number of threads is 6 | block size is 32,,,
elapsed time = 226.16 | seconds power is 4 | number of threads is 6 | block size is 32,,,
elapsed time = 230.27 | seconds power is 5 | number of threads is 6 | block size is 32,,,
elapsed time = 234.38 | seconds power is 6 | number of threads is 6 | block size is 32,,,
elapsed time = 238.48 | seconds power is 7 | number of threads is 6 | block size is 32,,,
elapsed time = 242.59 | seconds power is 8 | number of threads is 6 | block size is 32,,,
elapsed time = 246.69 | seconds power is 9 | number of threads is 6 | block size is 32,,,
elapsed time = 250.80 | seconds power is 10 | number of threads is 6 | block size is 32,,,
elapsed time = 254.89 | seconds power is 11 | number of threads is 6 | block size is 32,,,
elapsed time = 259.00 | seconds power is 12 | number of threads is 6 | block size is 32,,,
elapsed time = 263.10 | seconds power is 13 | number of threads is 6 | block size is 32,,,
elapsed time = 267.25 | seconds power is 14 | number of threads is 6 | block size is 32,,,
elapsed time = 271.37 | seconds power is 15 | number of threads is 6 | block size is 32,,,
elapsed time = 275.48 | seconds power is 16 | number of threads is 6 | block size is 32,,,
elapsed time = 279.74 | seconds power is 2 | number of threads is 6 | block size is 64,,,
elapsed time = 284.00 | seconds power is 3 | number of threads is 6 | block size is 64,,,
elapsed time = 288.31 | seconds power is 4 | number of threads is 6 | block size is 64,,,
elapsed time = 292.51 | seconds power is 5 | number of threads is 6 | block size is 64,,,
elapsed time = 296.72 | seconds power is 6 | number of threads is 6 | block size is 64,,,
elapsed time = 301.10 | seconds power is 7 | number of threads is 6 | block size is 64,,,
elapsed time = 305.36 | seconds power is 8 | number of threads is 6 | block size is 64,,,
elapsed time = 309.58 | seconds power is 9 | number of threads is 6 | block size is 64,,,
elapsed time = 313.77 | seconds power is 10 | number of threads is 6 | block size is 64,,,
elapsed time = 317.96 | seconds power is 11 | number of threads is 6 | block size is 64,,,
elapsed time = 322.27 | seconds power is 12 | number of threads is 6 | block size is 64,,,
elapsed time = 326.46 | seconds power is 13 | number of threads is 6 | block size is 64,,,
elapsed time = 330.64 | seconds power is 14 | number of threads is 6 | block size is 64,,,
elapsed time = 334.98 | seconds power is 15 | number of threads is 6 | block size is 64,,,
elapsed time = 339.17 | seconds power is 16 | number of threads is 6 | block size is 64,,,
2048 6 thread done,,,
elapsed time = 4.54 | seconds power is 2 | number of threads is 8 | block size is 4,,,
elapsed time = 9.13 | seconds power is 3 | number of threads is 8 | block size is 4,,,
elapsed time = 13.72 | seconds power is 4 | number of threads is 8 | block size is 4,,,
elapsed time = 18.32 | seconds power is 5 | number of threads is 8 | block size is 4,,,
elapsed time = 22.91 | seconds power is 6 | number of threads is 8 | block size is 4,,,
elapsed time = 27.49 | seconds power is 7 | number of threads is 8 | block size is 4,,,
elapsed time = 32.08 | seconds power is 8 | number of threads is 8 | block size is 4,,,
elapsed time = 36.67 | seconds power is 9 | number of threads is 8 | block size is 4,,,
elapsed time = 41.27 | seconds power is 10 | number of threads is 8 | block size is 4,,,
elapsed time = 45.86 | seconds power is 11 | number of threads is 8 | block size is 4,,,
elapsed time = 50.45 | seconds power is 12 | number of threads is 8 | block size is 4,,,
elapsed time = 55.05 | seconds power is 13 | number of threads is 8 | block size is 4,,,
elapsed time = 59.66 | seconds power is 14 | number of threads is 8 | block size is 4,,,
elapsed time = 64.26 | seconds power is 15 | number of threads is 8 | block size is 4,,,
elapsed time = 68.87 | seconds power is 16 | number of threads is 8 | block size is 4,,,
elapsed time = 72.20 | seconds power is 2 | number of threads is 8 | block size is 8,,,
elapsed time = 75.53 | seconds power is 3 | number of threads is 8 | block size is 8,,,
elapsed time = 78.93 | seconds power is 4 | number of threads is 8 | block size is 8,,,
elapsed time = 82.31 | seconds power is 5 | number of threads is 8 | block size is 8,,,
elapsed time = 85.70 | seconds power is 6 | number of threads is 8 | block size is 8,,,
elapsed time = 89.10 | seconds power is 7 | number of threads is 8 | block size is 8,,,
elapsed time = 92.53 | seconds power is 8 | number of threads is 8 | block size is 8,,,
elapsed time = 95.91 | seconds power is 9 | number of threads is 8 | block size is 8,,,
elapsed time = 99.29 | seconds power is 10 | number of threads is 8 | block size is 8,,,
elapsed time = 102.69 | seconds power is 11 | number of threads is 8 | block size is 8,,,
elapsed time = 106.05 | seconds power is 12 | number of threads is 8 | block size is 8,,,
elapsed time = 109.38 | seconds power is 13 | number of threads is 8 | block size is 8,,,
elapsed time = 112.74 | seconds power is 14 | number of threads is 8 | block size is 8,,,
elapsed time = 116.10 | seconds power is 15 | number of threads is 8 | block size is 8,,,
elapsed time = 119.47 | seconds power is 16 | number of threads is 8 | block size is 8,,,
elapsed time = 122.76 | seconds power is 2 | number of threads is 8 | block size is 16,,,
elapsed time = 126.02 | seconds power is 3 | number of threads is 8 | block size is 16,,,
elapsed time = 129.28 | seconds power is 4 | number of threads is 8 | block size is 16,,,
elapsed time = 132.54 | seconds power is 5 | number of threads is 8 | block size is 16,,,
elapsed time = 135.79 | seconds power is 6 | number of threads is 8 | block size is 16,,,
elapsed time = 139.03 | seconds power is 7 | number of threads is 8 | block size is 16,,,
elapsed time = 142.29 | seconds power is 8 | number of threads is 8 | block size is 16,,,
elapsed time = 145.58 | seconds power is 9 | number of threads is 8 | block size is 16,,,
elapsed time = 148.83 | seconds power is 10 | number of threads is 8 | block size is 16,,,
elapsed time = 152.09 | seconds power is 11 | number of threads is 8 | block size is 16,,,
elapsed time = 155.34 | seconds power is 12 | number of threads is 8 | block size is 16,,,
elapsed time = 158.59 | seconds power is 13 | number of threads is 8 | block size is 16,,,
elapsed time = 161.85 | seconds power is 14 | number of threads is 8 | block size is 16,,,
elapsed time = 165.11 | seconds power is 15 | number of threads is 8 | block size is 16,,,
elapsed time = 168.37 | seconds power is 16 | number of threads is 8 | block size is 16,,,
elapsed time = 171.69 | seconds power is 2 | number of threads is 8 | block size is 32,,,
elapsed time = 175.01 | seconds power is 3 | number of threads is 8 | block size is 32,,,
elapsed time = 178.32 | seconds power is 4 | number of threads is 8 | block size is 32,,,
elapsed time = 181.65 | seconds power is 5 | number of threads is 8 | block size is 32,,,
elapsed time = 184.96 | seconds power is 6 | number of threads is 8 | block size is 32,,,
elapsed time = 188.29 | seconds power is 7 | number of threads is 8 | block size is 32,,,
elapsed time = 191.60 | seconds power is 8 | number of threads is 8 | block size is 32,,,
elapsed time = 194.90 | seconds power is 9 | number of threads is 8 | block size is 32,,,
elapsed time = 198.24 | seconds power is 10 | number of threads is 8 | block size is 32,,,
elapsed time = 201.54 | seconds power is 11 | number of threads is 8 | block size is 32,,,
elapsed time = 204.85 | seconds power is 12 | number of threads is 8 | block size is 32,,,
elapsed time = 208.15 | seconds power is 13 | number of threads is 8 | block size is 32,,,
elapsed time = 211.45 | seconds power is 14 | number of threads is 8 | block size is 32,,,
elapsed time = 214.74 | seconds power is 15 | number of threads is 8 | block size is 32,,,
elapsed time = 218.04 | seconds power is 16 | number of threads is 8 | block size is 32,,,
elapsed time = 221.27 | seconds power is 2 | number of threads is 8 | block size is 64,,,
elapsed time = 224.49 | seconds power is 3 | number of threads is 8 | block size is 64,,,
elapsed time = 227.71 | seconds power is 4 | number of threads is 8 | block size is 64,,,
elapsed time = 230.92 | seconds power is 5 | number of threads is 8 | block size is 64,,,
elapsed time = 234.14 | seconds power is 6 | number of threads is 8 | block size is 64,,,
elapsed time = 237.35 | seconds power is 7 | number of threads is 8 | block size is 64,,,
elapsed time = 240.57 | seconds power is 8 | number of threads is 8 | block size is 64,,,
elapsed time = 243.79 | seconds power is 9 | number of threads is 8 | block size is 64,,,
elapsed time = 246.99 | seconds power is 10 | number of threads is 8 | block size is 64,,,
elapsed time = 250.21 | seconds power is 11 | number of threads is 8 | block size is 64,,,
elapsed time = 253.40 | seconds power is 12 | number of threads is 8 | block size is 64,,,
elapsed time = 256.62 | seconds power is 13 | number of threads is 8 | block size is 64,,,
elapsed time = 259.82 | seconds power is 14 | number of threads is 8 | block size is 64,,,
elapsed time = 263.02 | seconds power is 15 | number of threads is 8 | block size is 64,,,
elapsed time = 266.22 | seconds power is 16 | number of threads is 8 | block size is 64,,,
2048 8 thread done,,,
elapsed time = 4.46 | seconds power is 2 | number of threads is 10 | block size is 4,,,
elapsed time = 8.84 | seconds power is 3 | number of threads is 10 | block size is 4,,,
elapsed time = 13.28 | seconds power is 4 | number of threads is 10 | block size is 4,,,
elapsed time = 17.75 | seconds power is 5 | number of threads is 10 | block size is 4,,,
elapsed time = 22.20 | seconds power is 6 | number of threads is 10 | block size is 4,,,
elapsed time = 26.71 | seconds power is 7 | number of threads is 10 | block size is 4,,,
elapsed time = 31.18 | seconds power is 8 | number of threads is 10 | block size is 4,,,
elapsed time = 35.69 | seconds power is 9 | number of threads is 10 | block size is 4,,,
elapsed time = 40.12 | seconds power is 10 | number of threads is 10 | block size is 4,,,
elapsed time = 44.54 | seconds power is 11 | number of threads is 10 | block size is 4,,,
elapsed time = 48.98 | seconds power is 12 | number of threads is 10 | block size is 4,,,
elapsed time = 53.39 | seconds power is 13 | number of threads is 10 | block size is 4,,,
elapsed time = 57.78 | seconds power is 14 | number of threads is 10 | block size is 4,,,
elapsed time = 62.21 | seconds power is 15 | number of threads is 10 | block size is 4,,,
elapsed time = 66.67 | seconds power is 16 | number of threads is 10 | block size is 4,,,
elapsed time = 70.17 | seconds power is 2 | number of threads is 10 | block size is 8,,,
elapsed time = 73.67 | seconds power is 3 | number of threads is 10 | block size is 8,,,
elapsed time = 77.08 | seconds power is 4 | number of threads is 10 | block size is 8,,,
elapsed time = 80.68 | seconds power is 5 | number of threads is 10 | block size is 8,,,
elapsed time = 84.13 | seconds power is 6 | number of threads is 10 | block size is 8,,,
elapsed time = 87.68 | seconds power is 7 | number of threads is 10 | block size is 8,,,
elapsed time = 91.33 | seconds power is 8 | number of threads is 10 | block size is 8,,,
elapsed time = 94.95 | seconds power is 9 | number of threads is 10 | block size is 8,,,
elapsed time = 98.44 | seconds power is 10 | number of threads is 10 | block size is 8,,,
elapsed time = 102.05 | seconds power is 11 | number of threads is 10 | block size is 8,,,
elapsed time = 105.53 | seconds power is 12 | number of threads is 10 | block size is 8,,,
elapsed time = 109.14 | seconds power is 13 | number of threads is 10 | block size is 8,,,
elapsed time = 112.64 | seconds power is 14 | number of threads is 10 | block size is 8,,,
elapsed time = 116.33 | seconds power is 15 | number of threads is 10 | block size is 8,,,
elapsed time = 119.95 | seconds power is 16 | number of threads is 10 | block size is 8,,,
elapsed time = 123.22 | seconds power is 2 | number of threads is 10 | block size is 16,,,
elapsed time = 126.67 | seconds power is 3 | number of threads is 10 | block size is 16,,,
elapsed time = 129.96 | seconds power is 4 | number of threads is 10 | block size is 16,,,
elapsed time = 133.07 | seconds power is 5 | number of threads is 10 | block size is 16,,,
elapsed time = 136.32 | seconds power is 6 | number of threads is 10 | block size is 16,,,
elapsed time = 139.75 | seconds power is 7 | number of threads is 10 | block size is 16,,,
elapsed time = 143.01 | seconds power is 8 | number of threads is 10 | block size is 16,,,
elapsed time = 146.26 | seconds power is 9 | number of threads is 10 | block size is 16,,,
elapsed time = 149.63 | seconds power is 10 | number of threads is 10 | block size is 16,,,
elapsed time = 152.88 | seconds power is 11 | number of threads is 10 | block size is 16,,,
elapsed time = 156.15 | seconds power is 12 | number of threads is 10 | block size is 16,,,
elapsed time = 159.40 | seconds power is 13 | number of threads is 10 | block size is 16,,,
elapsed time = 162.79 | seconds power is 14 | number of threads is 10 | block size is 16,,,
elapsed time = 166.05 | seconds power is 15 | number of threads is 10 | block size is 16,,,
elapsed time = 169.28 | seconds power is 16 | number of threads is 10 | block size is 16,,,
elapsed time = 172.54 | seconds power is 2 | number of threads is 10 | block size is 32,,,
elapsed time = 175.88 | seconds power is 3 | number of threads is 10 | block size is 32,,,
elapsed time = 178.93 | seconds power is 4 | number of threads is 10 | block size is 32,,,
elapsed time = 182.29 | seconds power is 5 | number of threads is 10 | block size is 32,,,
elapsed time = 185.70 | seconds power is 6 | number of threads is 10 | block size is 32,,,
elapsed time = 189.04 | seconds power is 7 | number of threads is 10 | block size is 32,,,
elapsed time = 192.39 | seconds power is 8 | number of threads is 10 | block size is 32,,,
elapsed time = 195.71 | seconds power is 9 | number of threads is 10 | block size is 32,,,
elapsed time = 199.02 | seconds power is 10 | number of threads is 10 | block size is 32,,,
elapsed time = 202.38 | seconds power is 11 | number of threads is 10 | block size is 32,,,
elapsed time = 205.69 | seconds power is 12 | number of threads is 10 | block size is 32,,,
elapsed time = 208.99 | seconds power is 13 | number of threads is 10 | block size is 32,,,
elapsed time = 212.12 | seconds power is 14 | number of threads is 10 | block size is 32,,,
elapsed time = 215.51 | seconds power is 15 | number of threads is 10 | block size is 32,,,
elapsed time = 218.83 | seconds power is 16 | number of threads is 10 | block size is 32,,,
elapsed time = 222.46 | seconds power is 2 | number of threads is 10 | block size is 64,,,
elapsed time = 225.98 | seconds power is 3 | number of threads is 10 | block size is 64,,,
elapsed time = 228.87 | seconds power is 4 | number of threads is 10 | block size is 64,,,
elapsed time = 232.17 | seconds power is 5 | number of threads is 10 | block size is 64,,,
elapsed time = 235.31 | seconds power is 6 | number of threads is 10 | block size is 64,,,
elapsed time = 238.46 | seconds power is 7 | number of threads is 10 | block size is 64,,,
elapsed time = 242.16 | seconds power is 8 | number of threads is 10 | block size is 64,,,
elapsed time = 245.44 | seconds power is 9 | number of threads is 10 | block size is 64,,,
elapsed time = 248.37 | seconds power is 10 | number of threads is 10 | block size is 64,,,
elapsed time = 252.21 | seconds power is 11 | number of threads is 10 | block size is 64,,,
elapsed time = 255.40 | seconds power is 12 | number of threads is 10 | block size is 64,,,
elapsed time = 259.09 | seconds power is 13 | number of threads is 10 | block size is 64,,,
elapsed time = 262.58 | seconds power is 14 | number of threads is 10 | block size is 64,,,
elapsed time = 265.84 | seconds power is 15 | number of threads is 10 | block size is 64,,,
elapsed time = 268.99 | seconds power is 16 | number of threads is 10 | block size is 64,,,
2048 10 thread done,,,
elapsed time = 3.82 | seconds power is 2 | number of threads is 12 | block size is 4,,,
elapsed time = 7.62 | seconds power is 3 | number of threads is 12 | block size is 4,,,
elapsed time = 11.43 | seconds power is 4 | number of threads is 12 | block size is 4,,,
elapsed time = 15.24 | seconds power is 5 | number of threads is 12 | block size is 4,,,
elapsed time = 19.10 | seconds power is 6 | number of threads is 12 | block size is 4,,,
elapsed time = 22.89 | seconds power is 7 | number of threads is 12 | block size is 4,,,
elapsed time = 26.72 | seconds power is 8 | number of threads is 12 | block size is 4,,,
elapsed time = 30.54 | seconds power is 9 | number of threads is 12 | block size is 4,,,
elapsed time = 34.37 | seconds power is 10 | number of threads is 12 | block size is 4,,,
elapsed time = 38.14 | seconds power is 11 | number of threads is 12 | block size is 4,,,
elapsed time = 41.94 | seconds power is 12 | number of threads is 12 | block size is 4,,,
elapsed time = 45.77 | seconds power is 13 | number of threads is 12 | block size is 4,,,
elapsed time = 49.60 | seconds power is 14 | number of threads is 12 | block size is 4,,,
elapsed time = 53.39 | seconds power is 15 | number of threads is 12 | block size is 4,,,
elapsed time = 57.19 | seconds power is 16 | number of threads is 12 | block size is 4,,,
elapsed time = 60.24 | seconds power is 2 | number of threads is 12 | block size is 8,,,
elapsed time = 63.28 | seconds power is 3 | number of threads is 12 | block size is 8,,,
elapsed time = 66.38 | seconds power is 4 | number of threads is 12 | block size is 8,,,
elapsed time = 69.42 | seconds power is 5 | number of threads is 12 | block size is 8,,,
elapsed time = 72.40 | seconds power is 6 | number of threads is 12 | block size is 8,,,
elapsed time = 75.50 | seconds power is 7 | number of threads is 12 | block size is 8,,,
elapsed time = 78.48 | seconds power is 8 | number of threads is 12 | block size is 8,,,
elapsed time = 81.53 | seconds power is 9 | number of threads is 12 | block size is 8,,,
elapsed time = 84.63 | seconds power is 10 | number of threads is 12 | block size is 8,,,
elapsed time = 87.65 | seconds power is 11 | number of threads is 12 | block size is 8,,,
elapsed time = 90.76 | seconds power is 12 | number of threads is 12 | block size is 8,,,
elapsed time = 93.79 | seconds power is 13 | number of threads is 12 | block size is 8,,,
elapsed time = 96.83 | seconds power is 14 | number of threads is 12 | block size is 8,,,
elapsed time = 99.87 | seconds power is 15 | number of threads is 12 | block size is 8,,,
elapsed time = 102.87 | seconds power is 16 | number of threads is 12 | block size is 8,,,
elapsed time = 105.78 | seconds power is 2 | number of threads is 12 | block size is 16,,,
elapsed time = 108.70 | seconds power is 3 | number of threads is 12 | block size is 16,,,
elapsed time = 111.58 | seconds power is 4 | number of threads is 12 | block size is 16,,,
elapsed time = 114.55 | seconds power is 5 | number of threads is 12 | block size is 16,,,
elapsed time = 117.45 | seconds power is 6 | number of threads is 12 | block size is 16,,,
elapsed time = 120.37 | seconds power is 7 | number of threads is 12 | block size is 16,,,
elapsed time = 123.34 | seconds power is 8 | number of threads is 12 | block size is 16,,,
elapsed time = 126.24 | seconds power is 9 | number of threads is 12 | block size is 16,,,
elapsed time = 129.15 | seconds power is 10 | number of threads is 12 | block size is 16,,,
elapsed time = 132.05 | seconds power is 11 | number of threads is 12 | block size is 16,,,
elapsed time = 134.97 | seconds power is 12 | number of threads is 12 | block size is 16,,,
elapsed time = 137.87 | seconds power is 13 | number of threads is 12 | block size is 16,,,
elapsed time = 140.78 | seconds power is 14 | number of threads is 12 | block size is 16,,,
elapsed time = 143.69 | seconds power is 15 | number of threads is 12 | block size is 16,,,
elapsed time = 146.60 | seconds power is 16 | number of threads is 12 | block size is 16,,,
elapsed time = 149.70 | seconds power is 2 | number of threads is 12 | block size is 32,,,
elapsed time = 152.67 | seconds power is 3 | number of threads is 12 | block size is 32,,,
elapsed time = 155.65 | seconds power is 4 | number of threads is 12 | block size is 32,,,
elapsed time = 158.54 | seconds power is 5 | number of threads is 12 | block size is 32,,,
elapsed time = 161.58 | seconds power is 6 | number of threads is 12 | block size is 32,,,
elapsed time = 164.56 | seconds power is 7 | number of threads is 12 | block size is 32,,,
elapsed time = 167.72 | seconds power is 8 | number of threads is 12 | block size is 32,,,
elapsed time = 170.72 | seconds power is 9 | number of threads is 12 | block size is 32,,,
elapsed time = 173.67 | seconds power is 10 | number of threads is 12 | block size is 32,,,
elapsed time = 176.84 | seconds power is 11 | number of threads is 12 | block size is 32,,,
elapsed time = 179.79 | seconds power is 12 | number of threads is 12 | block size is 32,,,
elapsed time = 182.82 | seconds power is 13 | number of threads is 12 | block size is 32,,,
elapsed time = 185.79 | seconds power is 14 | number of threads is 12 | block size is 32,,,
elapsed time = 188.77 | seconds power is 15 | number of threads is 12 | block size is 32,,,
elapsed time = 191.75 | seconds power is 16 | number of threads is 12 | block size is 32,,,
elapsed time = 194.76 | seconds power is 2 | number of threads is 12 | block size is 64,,,
elapsed time = 197.71 | seconds power is 3 | number of threads is 12 | block size is 64,,,
elapsed time = 200.69 | seconds power is 4 | number of threads is 12 | block size is 64,,,
elapsed time = 203.74 | seconds power is 5 | number of threads is 12 | block size is 64,,,
elapsed time = 206.83 | seconds power is 6 | number of threads is 12 | block size is 64,,,
elapsed time = 209.84 | seconds power is 7 | number of threads is 12 | block size is 64,,,
elapsed time = 212.80 | seconds power is 8 | number of threads is 12 | block size is 64,,,
elapsed time = 215.76 | seconds power is 9 | number of threads is 12 | block size is 64,,,
elapsed time = 218.72 | seconds power is 10 | number of threads is 12 | block size is 64,,,
elapsed time = 221.76 | seconds power is 11 | number of threads is 12 | block size is 64,,,
elapsed time = 224.72 | seconds power is 12 | number of threads is 12 | block size is 64,,,
elapsed time = 227.69 | seconds power is 13 | number of threads is 12 | block size is 64,,,
elapsed time = 230.74 | seconds power is 14 | number of threads is 12 | block size is 64,,,
elapsed time = 233.69 | seconds power is 15 | number of threads is 12 | block size is 64,,,
elapsed time = 236.66 | seconds power is 16 | number of threads is 12 | block size is 64,,,
2048 12 thread done,,,
elapsed time = 4.03 | seconds power is 2 | number of threads is 14 | block size is 4,,,
elapsed time = 7.88 | seconds power is 3 | number of threads is 14 | block size is 4,,,
elapsed time = 11.86 | seconds power is 4 | number of threads is 14 | block size is 4,,,
elapsed time = 15.72 | seconds power is 5 | number of threads is 14 | block size is 4,,,
elapsed time = 19.62 | seconds power is 6 | number of threads is 14 | block size is 4,,,
elapsed time = 23.52 | seconds power is 7 | number of threads is 14 | block size is 4,,,
elapsed time = 27.35 | seconds power is 8 | number of threads is 14 | block size is 4,,,
elapsed time = 31.15 | seconds power is 9 | number of threads is 14 | block size is 4,,,
elapsed time = 34.98 | seconds power is 10 | number of threads is 14 | block size is 4,,,
elapsed time = 38.82 | seconds power is 11 | number of threads is 14 | block size is 4,,,
elapsed time = 42.75 | seconds power is 12 | number of threads is 14 | block size is 4,,,
elapsed time = 46.60 | seconds power is 13 | number of threads is 14 | block size is 4,,,
elapsed time = 50.46 | seconds power is 14 | number of threads is 14 | block size is 4,,,
elapsed time = 54.34 | seconds power is 15 | number of threads is 14 | block size is 4,,,
elapsed time = 58.18 | seconds power is 16 | number of threads is 14 | block size is 4,,,
elapsed time = 61.12 | seconds power is 2 | number of threads is 14 | block size is 8,,,
elapsed time = 64.10 | seconds power is 3 | number of threads is 14 | block size is 8,,,
elapsed time = 67.13 | seconds power is 4 | number of threads is 14 | block size is 8,,,
elapsed time = 70.15 | seconds power is 5 | number of threads is 14 | block size is 8,,,
elapsed time = 73.13 | seconds power is 6 | number of threads is 14 | block size is 8,,,
elapsed time = 76.16 | seconds power is 7 | number of threads is 14 | block size is 8,,,
elapsed time = 79.16 | seconds power is 8 | number of threads is 14 | block size is 8,,,
elapsed time = 82.17 | seconds power is 9 | number of threads is 14 | block size is 8,,,
elapsed time = 85.12 | seconds power is 10 | number of threads is 14 | block size is 8,,,
elapsed time = 88.09 | seconds power is 11 | number of threads is 14 | block size is 8,,,
elapsed time = 91.14 | seconds power is 12 | number of threads is 14 | block size is 8,,,
elapsed time = 94.15 | seconds power is 13 | number of threads is 14 | block size is 8,,,
elapsed time = 97.17 | seconds power is 14 | number of threads is 14 | block size is 8,,,
elapsed time = 100.19 | seconds power is 15 | number of threads is 14 | block size is 8,,,
elapsed time = 103.26 | seconds power is 16 | number of threads is 14 | block size is 8,,,
elapsed time = 106.30 | seconds power is 2 | number of threads is 14 | block size is 16,,,
elapsed time = 109.17 | seconds power is 3 | number of threads is 14 | block size is 16,,,
elapsed time = 112.23 | seconds power is 4 | number of threads is 14 | block size is 16,,,
elapsed time = 115.15 | seconds power is 5 | number of threads is 14 | block size is 16,,,
elapsed time = 118.04 | seconds power is 6 | number of threads is 14 | block size is 16,,,
elapsed time = 120.95 | seconds power is 7 | number of threads is 14 | block size is 16,,,
elapsed time = 123.90 | seconds power is 8 | number of threads is 14 | block size is 16,,,
elapsed time = 126.93 | seconds power is 9 | number of threads is 14 | block size is 16,,,
elapsed time = 130.01 | seconds power is 10 | number of threads is 14 | block size is 16,,,
elapsed time = 132.89 | seconds power is 11 | number of threads is 14 | block size is 16,,,
elapsed time = 135.81 | seconds power is 12 | number of threads is 14 | block size is 16,,,
elapsed time = 138.94 | seconds power is 13 | number of threads is 14 | block size is 16,,,
elapsed time = 141.98 | seconds power is 14 | number of threads is 14 | block size is 16,,,
elapsed time = 144.88 | seconds power is 15 | number of threads is 14 | block size is 16,,,
elapsed time = 147.94 | seconds power is 16 | number of threads is 14 | block size is 16,,,
elapsed time = 150.90 | seconds power is 2 | number of threads is 14 | block size is 32,,,
elapsed time = 153.85 | seconds power is 3 | number of threads is 14 | block size is 32,,,
elapsed time = 156.90 | seconds power is 4 | number of threads is 14 | block size is 32,,,
elapsed time = 159.99 | seconds power is 5 | number of threads is 14 | block size is 32,,,
elapsed time = 163.10 | seconds power is 6 | number of threads is 14 | block size is 32,,,
elapsed time = 166.26 | seconds power is 7 | number of threads is 14 | block size is 32,,,
elapsed time = 169.37 | seconds power is 8 | number of threads is 14 | block size is 32,,,
elapsed time = 172.21 | seconds power is 9 | number of threads is 14 | block size is 32,,,
elapsed time = 175.19 | seconds power is 10 | number of threads is 14 | block size is 32,,,
elapsed time = 178.11 | seconds power is 11 | number of threads is 14 | block size is 32,,,
elapsed time = 181.13 | seconds power is 12 | number of threads is 14 | block size is 32,,,
elapsed time = 184.16 | seconds power is 13 | number of threads is 14 | block size is 32,,,
elapsed time = 187.24 | seconds power is 14 | number of threads is 14 | block size is 32,,,
elapsed time = 190.21 | seconds power is 15 | number of threads is 14 | block size is 32,,,
elapsed time = 193.36 | seconds power is 16 | number of threads is 14 | block size is 32,,,
elapsed time = 196.55 | seconds power is 2 | number of threads is 14 | block size is 64,,,
elapsed time = 199.66 | seconds power is 3 | number of threads is 14 | block size is 64,,,
elapsed time = 202.82 | seconds power is 4 | number of threads is 14 | block size is 64,,,
elapsed time = 205.98 | seconds power is 5 | number of threads is 14 | block size is 64,,,
elapsed time = 208.99 | seconds power is 6 | number of threads is 14 | block size is 64,,,
elapsed time = 212.24 | seconds power is 7 | number of threads is 14 | block size is 64,,,
elapsed time = 215.40 | seconds power is 8 | number of threads is 14 | block size is 64,,,
elapsed time = 218.57 | seconds power is 9 | number of threads is 14 | block size is 64,,,
elapsed time = 221.67 | seconds power is 10 | number of threads is 14 | block size is 64,,,
elapsed time = 224.91 | seconds power is 11 | number of threads is 14 | block size is 64,,,
elapsed time = 228.20 | seconds power is 12 | number of threads is 14 | block size is 64,,,
elapsed time = 231.20 | seconds power is 13 | number of threads is 14 | block size is 64,,,
elapsed time = 234.58 | seconds power is 14 | number of threads is 14 | block size is 64,,,
elapsed time = 237.72 | seconds power is 15 | number of threads is 14 | block size is 64,,,
elapsed time = 240.86 | seconds power is 16 | number of threads is 14 | block size is 64,,,
2048 14 thread done,,,
elapsed time = 3.65 | seconds power is 2 | number of threads is 16 | block size is 4,,,
elapsed time = 7.31 | seconds power is 3 | number of threads is 16 | block size is 4,,,
elapsed time = 11.00 | seconds power is 4 | number of threads is 16 | block size is 4,,,
elapsed time = 14.72 | seconds power is 5 | number of threads is 16 | block size is 4,,,
elapsed time = 18.33 | seconds power is 6 | number of threads is 16 | block size is 4,,,
elapsed time = 22.08 | seconds power is 7 | number of threads is 16 | block size is 4,,,
elapsed time = 25.77 | seconds power is 8 | number of threads is 16 | block size is 4,,,
elapsed time = 29.48 | seconds power is 9 | number of threads is 16 | block size is 4,,,
elapsed time = 33.12 | seconds power is 10 | number of threads is 16 | block size is 4,,,
elapsed time = 36.80 | seconds power is 11 | number of threads is 16 | block size is 4,,,
elapsed time = 40.45 | seconds power is 12 | number of threads is 16 | block size is 4,,,
elapsed time = 44.11 | seconds power is 13 | number of threads is 16 | block size is 4,,,
elapsed time = 47.82 | seconds power is 14 | number of threads is 16 | block size is 4,,,
elapsed time = 51.46 | seconds power is 15 | number of threads is 16 | block size is 4,,,
elapsed time = 55.12 | seconds power is 16 | number of threads is 16 | block size is 4,,,
elapsed time = 58.05 | seconds power is 2 | number of threads is 16 | block size is 8,,,
elapsed time = 60.97 | seconds power is 3 | number of threads is 16 | block size is 8,,,
elapsed time = 63.84 | seconds power is 4 | number of threads is 16 | block size is 8,,,
elapsed time = 66.76 | seconds power is 5 | number of threads is 16 | block size is 8,,,
elapsed time = 69.62 | seconds power is 6 | number of threads is 16 | block size is 8,,,
elapsed time = 72.51 | seconds power is 7 | number of threads is 16 | block size is 8,,,
elapsed time = 75.38 | seconds power is 8 | number of threads is 16 | block size is 8,,,
elapsed time = 78.28 | seconds power is 9 | number of threads is 16 | block size is 8,,,
elapsed time = 81.14 | seconds power is 10 | number of threads is 16 | block size is 8,,,
elapsed time = 84.10 | seconds power is 11 | number of threads is 16 | block size is 8,,,
elapsed time = 87.03 | seconds power is 12 | number of threads is 16 | block size is 8,,,
elapsed time = 89.99 | seconds power is 13 | number of threads is 16 | block size is 8,,,
elapsed time = 92.81 | seconds power is 14 | number of threads is 16 | block size is 8,,,
elapsed time = 95.70 | seconds power is 15 | number of threads is 16 | block size is 8,,,
elapsed time = 98.58 | seconds power is 16 | number of threads is 16 | block size is 8,,,
elapsed time = 101.44 | seconds power is 2 | number of threads is 16 | block size is 16,,,
elapsed time = 104.29 | seconds power is 3 | number of threads is 16 | block size is 16,,,
elapsed time = 107.09 | seconds power is 4 | number of threads is 16 | block size is 16,,,
elapsed time = 110.00 | seconds power is 5 | number of threads is 16 | block size is 16,,,
elapsed time = 112.79 | seconds power is 6 | number of threads is 16 | block size is 16,,,
elapsed time = 115.66 | seconds power is 7 | number of threads is 16 | block size is 16,,,
elapsed time = 118.46 | seconds power is 8 | number of threads is 16 | block size is 16,,,
elapsed time = 121.27 | seconds power is 9 | number of threads is 16 | block size is 16,,,
elapsed time = 124.06 | seconds power is 10 | number of threads is 16 | block size is 16,,,
elapsed time = 126.85 | seconds power is 11 | number of threads is 16 | block size is 16,,,
elapsed time = 129.65 | seconds power is 12 | number of threads is 16 | block size is 16,,,
elapsed time = 132.39 | seconds power is 13 | number of threads is 16 | block size is 16,,,
elapsed time = 135.19 | seconds power is 14 | number of threads is 16 | block size is 16,,,
elapsed time = 137.97 | seconds power is 15 | number of threads is 16 | block size is 16,,,
elapsed time = 140.75 | seconds power is 16 | number of threads is 16 | block size is 16,,,
elapsed time = 143.60 | seconds power is 2 | number of threads is 16 | block size is 32,,,
elapsed time = 146.44 | seconds power is 3 | number of threads is 16 | block size is 32,,,
elapsed time = 149.20 | seconds power is 4 | number of threads is 16 | block size is 32,,,
elapsed time = 152.00 | seconds power is 5 | number of threads is 16 | block size is 32,,,
elapsed time = 154.83 | seconds power is 6 | number of threads is 16 | block size is 32,,,
elapsed time = 157.60 | seconds power is 7 | number of threads is 16 | block size is 32,,,
elapsed time = 160.44 | seconds power is 8 | number of threads is 16 | block size is 32,,,
elapsed time = 163.25 | seconds power is 9 | number of threads is 16 | block size is 32,,,
elapsed time = 166.10 | seconds power is 10 | number of threads is 16 | block size is 32,,,
elapsed time = 168.88 | seconds power is 11 | number of threads is 16 | block size is 32,,,
elapsed time = 171.69 | seconds power is 12 | number of threads is 16 | block size is 32,,,
elapsed time = 174.55 | seconds power is 13 | number of threads is 16 | block size is 32,,,
elapsed time = 177.35 | seconds power is 14 | number of threads is 16 | block size is 32,,,
elapsed time = 180.17 | seconds power is 15 | number of threads is 16 | block size is 32,,,
elapsed time = 182.99 | seconds power is 16 | number of threads is 16 | block size is 32,,,
elapsed time = 185.71 | seconds power is 2 | number of threads is 16 | block size is 64,,,
elapsed time = 188.50 | seconds power is 3 | number of threads is 16 | block size is 64,,,
elapsed time = 191.26 | seconds power is 4 | number of threads is 16 | block size is 64,,,
elapsed time = 194.01 | seconds power is 5 | number of threads is 16 | block size is 64,,,
elapsed time = 196.75 | seconds power is 6 | number of threads is 16 | block size is 64,,,
elapsed time = 199.55 | seconds power is 7 | number of threads is 16 | block size is 64,,,
elapsed time = 202.33 | seconds power is 8 | number of threads is 16 | block size is 64,,,
elapsed time = 205.02 | seconds power is 9 | number of threads is 16 | block size is 64,,,
elapsed time = 207.81 | seconds power is 10 | number of threads is 16 | block size is 64,,,
elapsed time = 210.62 | seconds power is 11 | number of threads is 16 | block size is 64,,,
elapsed time = 213.33 | seconds power is 12 | number of threads is 16 | block size is 64,,,
elapsed time = 216.07 | seconds power is 13 | number of threads is 16 | block size is 64,,,
elapsed time = 218.86 | seconds power is 14 | number of threads is 16 | block size is 64,,,
elapsed time = 221.61 | seconds power is 15 | number of threads is 16 | block size is 64,,,
elapsed time = 224.39 | seconds power is 16 | number of threads is 16 | block size is 64,,,
2048 16 thread done,,,
