2048x2048 bmm transpose 1,,,
elapsed time,power,no of threads,
37.45,2,1, block size is 4
73.83,3,1, block size is 4
110.07,4,1, block size is 4
146.41,5,1, block size is 4
182.57,6,1, block size is 4
218.79,7,1, block size is 4
254.81,8,1, block size is 4
290.78,9,1, block size is 4
327.03,10,1, block size is 4
363.21,11,1, block size is 4
399.55,12,1, block size is 4
435.39,13,1, block size is 4
471.27,14,1, block size is 4
507.26,15,1, block size is 4
543.33,16,1, block size is 4
565.69,2,1, block size is 8
588.05,3,1, block size is 8
610.4,4,1, block size is 8
632.76,5,1, block size is 8
655.14,6,1, block size is 8
677.51,7,1, block size is 8
699.88,8,1, block size is 8
722.27,9,1, block size is 8
744.64,10,1, block size is 8
767.01,11,1, block size is 8
789.37,12,1, block size is 8
811.74,13,1, block size is 8
834.1,14,1, block size is 8
856.47,15,1, block size is 8
878.84,16,1, block size is 8
899.4,2,1, block size is 16
919.94,3,1, block size is 16
940.48,4,1, block size is 16
961.02,5,1, block size is 16
981.55,6,1, block size is 16
1002.09,7,1, block size is 16
1022.63,8,1, block size is 16
1043.17,9,1, block size is 16
1063.73,10,1, block size is 16
1084.28,11,1, block size is 16
1104.82,12,1, block size is 16
1125.37,13,1, block size is 16
1145.92,14,1, block size is 16
1166.47,15,1, block size is 16
1187.02,16,1, block size is 16
1207.41,2,1, block size is 32
1227.77,3,1, block size is 32
1248.15,4,1, block size is 32
1268.53,5,1, block size is 32
1288.9,6,1, block size is 32
1309.28,7,1, block size is 32
1329.65,8,1, block size is 32
1350.02,9,1, block size is 32
1370.4,10,1, block size is 32
1390.78,11,1, block size is 32
1411.15,12,1, block size is 32
1431.53,13,1, block size is 32
1451.9,14,1, block size is 32
1472.27,15,1, block size is 32
1492.64,16,1, block size is 32
1512.52,2,1, block size is 64
1532.39,3,1, block size is 64
1552.27,4,1, block size is 64
1572.15,5,1, block size is 64
1592.04,6,1, block size is 64
1611.92,7,1, block size is 64
1631.79,8,1, block size is 64
1651.67,9,1, block size is 64
1671.56,10,1, block size is 64
1691.44,11,1, block size is 64
1711.32,12,1, block size is 64
1731.2,13,1, block size is 64
1751.08,14,1, block size is 64
1770.96,15,1, block size is 64
1790.84,16,1, block size is 64
2048 1 thread done,,,
17.8,2,2, block size is 4
35.55,3,2, block size is 4
53.3,4,2, block size is 4
71.04,5,2, block size is 4
88.78,6,2, block size is 4
106.88,7,2, block size is 4
125.23,8,2, block size is 4
143.2,9,2, block size is 4
161.56,10,2, block size is 4
179.9,11,2, block size is 4
198.27,12,2, block size is 4
216.01,13,2, block size is 4
233.73,14,2, block size is 4
251.46,15,2, block size is 4
269.25,16,2, block size is 4
279.66,2,2, block size is 8
290.08,3,2, block size is 8
300.48,4,2, block size is 8
310.88,5,2, block size is 8
321.3,6,2, block size is 8
331.71,7,2, block size is 8
342.11,8,2, block size is 8
352.54,9,2, block size is 8
362.96,10,2, block size is 8
373.37,11,2, block size is 8
384,12,2, block size is 8
394.41,13,2, block size is 8
404.82,14,2, block size is 8
415.24,15,2, block size is 8
425.65,16,2, block size is 8
435.54,2,2, block size is 16
445.43,3,2, block size is 16
455.34,4,2, block size is 16
465.23,5,2, block size is 16
475.12,6,2, block size is 16
485.02,7,2, block size is 16
494.91,8,2, block size is 16
504.81,9,2, block size is 16
514.7,10,2, block size is 16
524.59,11,2, block size is 16
534.48,12,2, block size is 16
544.38,13,2, block size is 16
554.29,14,2, block size is 16
564.2,15,2, block size is 16
574.11,16,2, block size is 16
584.25,2,2, block size is 32
594.41,3,2, block size is 32
604.56,4,2, block size is 32
614.72,5,2, block size is 32
624.87,6,2, block size is 32
635.03,7,2, block size is 32
645.17,8,2, block size is 32
655.32,9,2, block size is 32
665.48,10,2, block size is 32
675.63,11,2, block size is 32
685.78,12,2, block size is 32
695.94,13,2, block size is 32
706.1,14,2, block size is 32
716.26,15,2, block size is 32
726.41,16,2, block size is 32
736.33,2,2, block size is 64
746.26,3,2, block size is 64
756.18,4,2, block size is 64
766.1,5,2, block size is 64
776.03,6,2, block size is 64
785.96,7,2, block size is 64
795.89,8,2, block size is 64
805.81,9,2, block size is 64
elapsed time = 815.73 | seconds power is 10 | number of threads is 2 | block size is 64,,,
elapsed time = 825.65 | seconds power is 11 | number of threads is 2 | block size is 64,,,
elapsed time = 835.58 | seconds power is 12 | number of threads is 2 | block size is 64,,,
elapsed time = 845.51 | seconds power is 13 | number of threads is 2 | block size is 64,,,
elapsed time = 855.43 | seconds power is 14 | number of threads is 2 | block size is 64,,,
elapsed time = 865.35 | seconds power is 15 | number of threads is 2 | block size is 64,,,
elapsed time = 875.28 | seconds power is 16 | number of threads is 2 | block size is 64,,,
2048 2 thread done,,,
elapsed time = 8.51 | seconds power is 2 | number of threads is 4 | block size is 4,,,
elapsed time = 16.83 | seconds power is 3 | number of threads is 4 | block size is 4,,,
elapsed time = 25.13 | seconds power is 4 | number of threads is 4 | block size is 4,,,
elapsed time = 33.44 | seconds power is 5 | number of threads is 4 | block size is 4,,,
elapsed time = 41.75 | seconds power is 6 | number of threads is 4 | block size is 4,,,
elapsed time = 50.06 | seconds power is 7 | number of threads is 4 | block size is 4,,,
elapsed time = 58.36 | seconds power is 8 | number of threads is 4 | block size is 4,,,
elapsed time = 66.67 | seconds power is 9 | number of threads is 4 | block size is 4,,,
elapsed time = 74.97 | seconds power is 10 | number of threads is 4 | block size is 4,,,
elapsed time = 83.27 | seconds power is 11 | number of threads is 4 | block size is 4,,,
elapsed time = 91.56 | seconds power is 12 | number of threads is 4 | block size is 4,,,
elapsed time = 99.86 | seconds power is 13 | number of threads is 4 | block size is 4,,,
elapsed time = 108.17 | seconds power is 14 | number of threads is 4 | block size is 4,,,
elapsed time = 116.48 | seconds power is 15 | number of threads is 4 | block size is 4,,,
elapsed time = 124.80 | seconds power is 16 | number of threads is 4 | block size is 4,,,
elapsed time = 130.46 | seconds power is 2 | number of threads is 4 | block size is 8,,,
elapsed time = 136.06 | seconds power is 3 | number of threads is 4 | block size is 8,,,
elapsed time = 141.59 | seconds power is 4 | number of threads is 4 | block size is 8,,,
elapsed time = 147.18 | seconds power is 5 | number of threads is 4 | block size is 8,,,
elapsed time = 152.76 | seconds power is 6 | number of threads is 4 | block size is 8,,,
elapsed time = 158.38 | seconds power is 7 | number of threads is 4 | block size is 8,,,
elapsed time = 163.95 | seconds power is 8 | number of threads is 4 | block size is 8,,,
elapsed time = 169.47 | seconds power is 9 | number of threads is 4 | block size is 8,,,
elapsed time = 175.05 | seconds power is 10 | number of threads is 4 | block size is 8,,,
elapsed time = 180.62 | seconds power is 11 | number of threads is 4 | block size is 8,,,
elapsed time = 186.22 | seconds power is 12 | number of threads is 4 | block size is 8,,,
elapsed time = 191.83 | seconds power is 13 | number of threads is 4 | block size is 8,,,
elapsed time = 197.44 | seconds power is 14 | number of threads is 4 | block size is 8,,,
elapsed time = 203.06 | seconds power is 15 | number of threads is 4 | block size is 8,,,
elapsed time = 208.72 | seconds power is 16 | number of threads is 4 | block size is 8,,,
elapsed time = 214.15 | seconds power is 2 | number of threads is 4 | block size is 16,,,
elapsed time = 219.55 | seconds power is 3 | number of threads is 4 | block size is 16,,,
elapsed time = 224.97 | seconds power is 4 | number of threads is 4 | block size is 16,,,
elapsed time = 230.34 | seconds power is 5 | number of threads is 4 | block size is 16,,,
elapsed time = 235.75 | seconds power is 6 | number of threads is 4 | block size is 16,,,
elapsed time = 241.15 | seconds power is 7 | number of threads is 4 | block size is 16,,,
elapsed time = 246.52 | seconds power is 8 | number of threads is 4 | block size is 16,,,
elapsed time = 251.94 | seconds power is 9 | number of threads is 4 | block size is 16,,,
elapsed time = 257.29 | seconds power is 10 | number of threads is 4 | block size is 16,,,
elapsed time = 262.72 | seconds power is 11 | number of threads is 4 | block size is 16,,,
elapsed time = 268.07 | seconds power is 12 | number of threads is 4 | block size is 16,,,
elapsed time = 273.41 | seconds power is 13 | number of threads is 4 | block size is 16,,,
elapsed time = 278.76 | seconds power is 14 | number of threads is 4 | block size is 16,,,
elapsed time = 284.12 | seconds power is 15 | number of threads is 4 | block size is 16,,,
elapsed time = 289.47 | seconds power is 16 | number of threads is 4 | block size is 16,,,
elapsed time = 294.91 | seconds power is 2 | number of threads is 4 | block size is 32,,,
elapsed time = 300.35 | seconds power is 3 | number of threads is 4 | block size is 32,,,
elapsed time = 305.78 | seconds power is 4 | number of threads is 4 | block size is 32,,,
elapsed time = 311.23 | seconds power is 5 | number of threads is 4 | block size is 32,,,
elapsed time = 316.67 | seconds power is 6 | number of threads is 4 | block size is 32,,,
elapsed time = 322.11 | seconds power is 7 | number of threads is 4 | block size is 32,,,
elapsed time = 327.55 | seconds power is 8 | number of threads is 4 | block size is 32,,,
elapsed time = 332.99 | seconds power is 9 | number of threads is 4 | block size is 32,,,
elapsed time = 338.43 | seconds power is 10 | number of threads is 4 | block size is 32,,,
elapsed time = 343.88 | seconds power is 11 | number of threads is 4 | block size is 32,,,
elapsed time = 349.34 | seconds power is 12 | number of threads is 4 | block size is 32,,,
elapsed time = 354.79 | seconds power is 13 | number of threads is 4 | block size is 32,,,
elapsed time = 360.24 | seconds power is 14 | number of threads is 4 | block size is 32,,,
elapsed time = 365.69 | seconds power is 15 | number of threads is 4 | block size is 32,,,
elapsed time = 371.14 | seconds power is 16 | number of threads is 4 | block size is 32,,,
elapsed time = 376.46 | seconds power is 2 | number of threads is 4 | block size is 64,,,
elapsed time = 381.75 | seconds power is 3 | number of threads is 4 | block size is 64,,,
elapsed time = 387.05 | seconds power is 4 | number of threads is 4 | block size is 64,,,
elapsed time = 392.35 | seconds power is 5 | number of threads is 4 | block size is 64,,,
elapsed time = 397.64 | seconds power is 6 | number of threads is 4 | block size is 64,,,
elapsed time = 402.88 | seconds power is 7 | number of threads is 4 | block size is 64,,,
elapsed time = 408.18 | seconds power is 8 | number of threads is 4 | block size is 64,,,
elapsed time = 413.48 | seconds power is 9 | number of threads is 4 | block size is 64,,,
elapsed time = 418.77 | seconds power is 10 | number of threads is 4 | block size is 64,,,
elapsed time = 424.06 | seconds power is 11 | number of threads is 4 | block size is 64,,,
elapsed time = 429.35 | seconds power is 12 | number of threads is 4 | block size is 64,,,
elapsed time = 434.62 | seconds power is 13 | number of threads is 4 | block size is 64,,,
elapsed time = 439.85 | seconds power is 14 | number of threads is 4 | block size is 64,,,
elapsed time = 445.17 | seconds power is 15 | number of threads is 4 | block size is 64,,,
elapsed time = 450.47 | seconds power is 16 | number of threads is 4 | block size is 64,,,
2048 4 thread done,,,
elapsed time = 5.83 | seconds power is 2 | number of threads is 6 | block size is 4,,,
elapsed time = 11.68 | seconds power is 3 | number of threads is 6 | block size is 4,,,
elapsed time = 17.49 | seconds power is 4 | number of threads is 6 | block size is 4,,,
elapsed time = 23.30 | seconds power is 5 | number of threads is 6 | block size is 4,,,
elapsed time = 29.12 | seconds power is 6 | number of threads is 6 | block size is 4,,,
elapsed time = 34.90 | seconds power is 7 | number of threads is 6 | block size is 4,,,
elapsed time = 40.73 | seconds power is 8 | number of threads is 6 | block size is 4,,,
elapsed time = 46.53 | seconds power is 9 | number of threads is 6 | block size is 4,,,
elapsed time = 52.40 | seconds power is 10 | number of threads is 6 | block size is 4,,,
elapsed time = 58.20 | seconds power is 11 | number of threads is 6 | block size is 4,,,
elapsed time = 64.03 | seconds power is 12 | number of threads is 6 | block size is 4,,,
elapsed time = 69.82 | seconds power is 13 | number of threads is 6 | block size is 4,,,
elapsed time = 75.66 | seconds power is 14 | number of threads is 6 | block size is 4,,,
elapsed time = 81.47 | seconds power is 15 | number of threads is 6 | block size is 4,,,
elapsed time = 87.30 | seconds power is 16 | number of threads is 6 | block size is 4,,,
elapsed time = 91.56 | seconds power is 2 | number of threads is 6 | block size is 8,,,
elapsed time = 95.71 | seconds power is 3 | number of threads is 6 | block size is 8,,,
elapsed time = 99.89 | seconds power is 4 | number of threads is 6 | block size is 8,,,
elapsed time = 104.06 | seconds power is 5 | number of threads is 6 | block size is 8,,,
elapsed time = 108.24 | seconds power is 6 | number of threads is 6 | block size is 8,,,
elapsed time = 112.41 | seconds power is 7 | number of threads is 6 | block size is 8,,,
elapsed time = 116.58 | seconds power is 8 | number of threads is 6 | block size is 8,,,
elapsed time = 120.76 | seconds power is 9 | number of threads is 6 | block size is 8,,,
elapsed time = 124.93 | seconds power is 10 | number of threads is 6 | block size is 8,,,
elapsed time = 129.11 | seconds power is 11 | number of threads is 6 | block size is 8,,,
elapsed time = 133.29 | seconds power is 12 | number of threads is 6 | block size is 8,,,
elapsed time = 137.48 | seconds power is 13 | number of threads is 6 | block size is 8,,,
elapsed time = 141.66 | seconds power is 14 | number of threads is 6 | block size is 8,,,
elapsed time = 145.84 | seconds power is 15 | number of threads is 6 | block size is 8,,,
elapsed time = 150.02 | seconds power is 16 | number of threads is 6 | block size is 8,,,
elapsed time = 154.26 | seconds power is 2 | number of threads is 6 | block size is 16,,,
elapsed time = 158.44 | seconds power is 3 | number of threads is 6 | block size is 16,,,
elapsed time = 162.67 | seconds power is 4 | number of threads is 6 | block size is 16,,,
elapsed time = 166.89 | seconds power is 5 | number of threads is 6 | block size is 16,,,
elapsed time = 171.12 | seconds power is 6 | number of threads is 6 | block size is 16,,,
elapsed time = 175.41 | seconds power is 7 | number of threads is 6 | block size is 16,,,
elapsed time = 179.63 | seconds power is 8 | number of threads is 6 | block size is 16,,,
elapsed time = 183.80 | seconds power is 9 | number of threads is 6 | block size is 16,,,
elapsed time = 187.96 | seconds power is 10 | number of threads is 6 | block size is 16,,,
elapsed time = 192.20 | seconds power is 11 | number of threads is 6 | block size is 16,,,
elapsed time = 196.43 | seconds power is 12 | number of threads is 6 | block size is 16,,,
elapsed time = 200.66 | seconds power is 13 | number of threads is 6 | block size is 16,,,
elapsed time = 204.88 | seconds power is 14 | number of threads is 6 | block size is 16,,,
elapsed time = 209.11 | seconds power is 15 | number of threads is 6 | block size is 16,,,
elapsed time = 213.31 | seconds power is 16 | number of threads is 6 | block size is 16,,,
elapsed time = 217.53 | seconds power is 2 | number of threads is 6 | block size is 32,,,
elapsed time = 221.75 | seconds power is 3 | number of threads is 6 | block size is 32,,,
elapsed time = 226.00 | seconds power is 4 | number of threads is 6 | block size is 32,,,
elapsed time = 230.19 | seconds power is 5 | number of threads is 6 | block size is 32,,,
elapsed time = 234.37 | seconds power is 6 | number of threads is 6 | block size is 32,,,
elapsed time = 238.57 | seconds power is 7 | number of threads is 6 | block size is 32,,,
elapsed time = 242.80 | seconds power is 8 | number of threads is 6 | block size is 32,,,
elapsed time = 247.02 | seconds power is 9 | number of threads is 6 | block size is 32,,,
elapsed time = 251.23 | seconds power is 10 | number of threads is 6 | block size is 32,,,
elapsed time = 255.45 | seconds power is 11 | number of threads is 6 | block size is 32,,,
elapsed time = 259.73 | seconds power is 12 | number of threads is 6 | block size is 32,,,
elapsed time = 263.95 | seconds power is 13 | number of threads is 6 | block size is 32,,,
elapsed time = 268.17 | seconds power is 14 | number of threads is 6 | block size is 32,,,
elapsed time = 272.39 | seconds power is 15 | number of threads is 6 | block size is 32,,,
elapsed time = 276.62 | seconds power is 16 | number of threads is 6 | block size is 32,,,
elapsed time = 281.02 | seconds power is 2 | number of threads is 6 | block size is 64,,,
elapsed time = 285.37 | seconds power is 3 | number of threads is 6 | block size is 64,,,
elapsed time = 289.72 | seconds power is 4 | number of threads is 6 | block size is 64,,,
elapsed time = 294.12 | seconds power is 5 | number of threads is 6 | block size is 64,,,
elapsed time = 298.46 | seconds power is 6 | number of threads is 6 | block size is 64,,,
elapsed time = 302.81 | seconds power is 7 | number of threads is 6 | block size is 64,,,
elapsed time = 307.19 | seconds power is 8 | number of threads is 6 | block size is 64,,,
elapsed time = 311.52 | seconds power is 9 | number of threads is 6 | block size is 64,,,
elapsed time = 315.84 | seconds power is 10 | number of threads is 6 | block size is 64,,,
elapsed time = 320.23 | seconds power is 11 | number of threads is 6 | block size is 64,,,
elapsed time = 324.55 | seconds power is 12 | number of threads is 6 | block size is 64,,,
elapsed time = 329.01 | seconds power is 13 | number of threads is 6 | block size is 64,,,
elapsed time = 333.44 | seconds power is 14 | number of threads is 6 | block size is 64,,,
elapsed time = 337.76 | seconds power is 15 | number of threads is 6 | block size is 64,,,
elapsed time = 342.07 | seconds power is 16 | number of threads is 6 | block size is 64,,,
2048 6 thread done,,,
elapsed time = 4.75 | seconds power is 2 | number of threads is 8 | block size is 4,,,
elapsed time = 9.51 | seconds power is 3 | number of threads is 8 | block size is 4,,,
elapsed time = 14.27 | seconds power is 4 | number of threads is 8 | block size is 4,,,
elapsed time = 19.04 | seconds power is 5 | number of threads is 8 | block size is 4,,,
elapsed time = 23.79 | seconds power is 6 | number of threads is 8 | block size is 4,,,
elapsed time = 28.56 | seconds power is 7 | number of threads is 8 | block size is 4,,,
elapsed time = 33.32 | seconds power is 8 | number of threads is 8 | block size is 4,,,
elapsed time = 38.09 | seconds power is 9 | number of threads is 8 | block size is 4,,,
elapsed time = 42.85 | seconds power is 10 | number of threads is 8 | block size is 4,,,
elapsed time = 47.61 | seconds power is 11 | number of threads is 8 | block size is 4,,,
elapsed time = 52.37 | seconds power is 12 | number of threads is 8 | block size is 4,,,
elapsed time = 57.14 | seconds power is 13 | number of threads is 8 | block size is 4,,,
elapsed time = 61.91 | seconds power is 14 | number of threads is 8 | block size is 4,,,
elapsed time = 66.67 | seconds power is 15 | number of threads is 8 | block size is 4,,,
elapsed time = 71.43 | seconds power is 16 | number of threads is 8 | block size is 4,,,
elapsed time = 74.89 | seconds power is 2 | number of threads is 8 | block size is 8,,,
elapsed time = 78.34 | seconds power is 3 | number of threads is 8 | block size is 8,,,
elapsed time = 81.80 | seconds power is 4 | number of threads is 8 | block size is 8,,,
elapsed time = 85.25 | seconds power is 5 | number of threads is 8 | block size is 8,,,
elapsed time = 88.70 | seconds power is 6 | number of threads is 8 | block size is 8,,,
elapsed time = 92.16 | seconds power is 7 | number of threads is 8 | block size is 8,,,
elapsed time = 95.62 | seconds power is 8 | number of threads is 8 | block size is 8,,,
elapsed time = 99.07 | seconds power is 9 | number of threads is 8 | block size is 8,,,
elapsed time = 102.53 | seconds power is 10 | number of threads is 8 | block size is 8,,,
elapsed time = 105.99 | seconds power is 11 | number of threads is 8 | block size is 8,,,
elapsed time = 109.45 | seconds power is 12 | number of threads is 8 | block size is 8,,,
elapsed time = 112.91 | seconds power is 13 | number of threads is 8 | block size is 8,,,
elapsed time = 116.37 | seconds power is 14 | number of threads is 8 | block size is 8,,,
elapsed time = 119.83 | seconds power is 15 | number of threads is 8 | block size is 8,,,
elapsed time = 123.33 | seconds power is 16 | number of threads is 8 | block size is 8,,,
elapsed time = 126.71 | seconds power is 2 | number of threads is 8 | block size is 16,,,
elapsed time = 130.09 | seconds power is 3 | number of threads is 8 | block size is 16,,,
elapsed time = 133.47 | seconds power is 4 | number of threads is 8 | block size is 16,,,
elapsed time = 136.86 | seconds power is 5 | number of threads is 8 | block size is 16,,,
elapsed time = 140.24 | seconds power is 6 | number of threads is 8 | block size is 16,,,
elapsed time = 143.62 | seconds power is 7 | number of threads is 8 | block size is 16,,,
elapsed time = 146.99 | seconds power is 8 | number of threads is 8 | block size is 16,,,
elapsed time = 150.38 | seconds power is 9 | number of threads is 8 | block size is 16,,,
elapsed time = 153.77 | seconds power is 10 | number of threads is 8 | block size is 16,,,
elapsed time = 157.16 | seconds power is 11 | number of threads is 8 | block size is 16,,,
elapsed time = 160.55 | seconds power is 12 | number of threads is 8 | block size is 16,,,
elapsed time = 163.93 | seconds power is 13 | number of threads is 8 | block size is 16,,,
elapsed time = 167.32 | seconds power is 14 | number of threads is 8 | block size is 16,,,
elapsed time = 170.70 | seconds power is 15 | number of threads is 8 | block size is 16,,,
elapsed time = 174.10 | seconds power is 16 | number of threads is 8 | block size is 16,,,
elapsed time = 177.52 | seconds power is 2 | number of threads is 8 | block size is 32,,,
elapsed time = 180.94 | seconds power is 3 | number of threads is 8 | block size is 32,,,
elapsed time = 184.36 | seconds power is 4 | number of threads is 8 | block size is 32,,,
elapsed time = 187.80 | seconds power is 5 | number of threads is 8 | block size is 32,,,
elapsed time = 191.22 | seconds power is 6 | number of threads is 8 | block size is 32,,,
elapsed time = 194.64 | seconds power is 7 | number of threads is 8 | block size is 32,,,
elapsed time = 198.07 | seconds power is 8 | number of threads is 8 | block size is 32,,,
elapsed time = 201.49 | seconds power is 9 | number of threads is 8 | block size is 32,,,
elapsed time = 204.92 | seconds power is 10 | number of threads is 8 | block size is 32,,,
elapsed time = 208.34 | seconds power is 11 | number of threads is 8 | block size is 32,,,
elapsed time = 211.76 | seconds power is 12 | number of threads is 8 | block size is 32,,,
elapsed time = 215.18 | seconds power is 13 | number of threads is 8 | block size is 32,,,
elapsed time = 218.61 | seconds power is 14 | number of threads is 8 | block size is 32,,,
elapsed time = 222.04 | seconds power is 15 | number of threads is 8 | block size is 32,,,
elapsed time = 225.46 | seconds power is 16 | number of threads is 8 | block size is 32,,,
elapsed time = 228.79 | seconds power is 2 | number of threads is 8 | block size is 64,,,
elapsed time = 232.11 | seconds power is 3 | number of threads is 8 | block size is 64,,,
elapsed time = 235.44 | seconds power is 4 | number of threads is 8 | block size is 64,,,
elapsed time = 238.76 | seconds power is 5 | number of threads is 8 | block size is 64,,,
elapsed time = 242.08 | seconds power is 6 | number of threads is 8 | block size is 64,,,
elapsed time = 245.40 | seconds power is 7 | number of threads is 8 | block size is 64,,,
elapsed time = 248.73 | seconds power is 8 | number of threads is 8 | block size is 64,,,
elapsed time = 252.05 | seconds power is 9 | number of threads is 8 | block size is 64,,,
elapsed time = 255.37 | seconds power is 10 | number of threads is 8 | block size is 64,,,
elapsed time = 258.69 | seconds power is 11 | number of threads is 8 | block size is 64,,,
elapsed time = 262.02 | seconds power is 12 | number of threads is 8 | block size is 64,,,
elapsed time = 265.34 | seconds power is 13 | number of threads is 8 | block size is 64,,,
elapsed time = 268.66 | seconds power is 14 | number of threads is 8 | block size is 64,,,
elapsed time = 271.98 | seconds power is 15 | number of threads is 8 | block size is 64,,,
elapsed time = 275.29 | seconds power is 16 | number of threads is 8 | block size is 64,,,
2048 8 thread done,,,
elapsed time = 4.53 | seconds power is 2 | number of threads is 10 | block size is 4,,,
elapsed time = 9.15 | seconds power is 3 | number of threads is 10 | block size is 4,,,
elapsed time = 13.53 | seconds power is 4 | number of threads is 10 | block size is 4,,,
elapsed time = 17.99 | seconds power is 5 | number of threads is 10 | block size is 4,,,
elapsed time = 22.41 | seconds power is 6 | number of threads is 10 | block size is 4,,,
elapsed time = 26.88 | seconds power is 7 | number of threads is 10 | block size is 4,,,
elapsed time = 31.30 | seconds power is 8 | number of threads is 10 | block size is 4,,,
elapsed time = 35.73 | seconds power is 9 | number of threads is 10 | block size is 4,,,
elapsed time = 40.14 | seconds power is 10 | number of threads is 10 | block size is 4,,,
elapsed time = 44.53 | seconds power is 11 | number of threads is 10 | block size is 4,,,
elapsed time = 48.88 | seconds power is 12 | number of threads is 10 | block size is 4,,,
elapsed time = 53.27 | seconds power is 13 | number of threads is 10 | block size is 4,,,
elapsed time = 57.78 | seconds power is 14 | number of threads is 10 | block size is 4,,,
elapsed time = 62.13 | seconds power is 15 | number of threads is 10 | block size is 4,,,
elapsed time = 66.56 | seconds power is 16 | number of threads is 10 | block size is 4,,,
elapsed time = 70.01 | seconds power is 2 | number of threads is 10 | block size is 8,,,
elapsed time = 73.57 | seconds power is 3 | number of threads is 10 | block size is 8,,,
elapsed time = 77.35 | seconds power is 4 | number of threads is 10 | block size is 8,,,
elapsed time = 80.86 | seconds power is 5 | number of threads is 10 | block size is 8,,,
elapsed time = 84.40 | seconds power is 6 | number of threads is 10 | block size is 8,,,
elapsed time = 88.15 | seconds power is 7 | number of threads is 10 | block size is 8,,,
elapsed time = 91.71 | seconds power is 8 | number of threads is 10 | block size is 8,,,
elapsed time = 95.53 | seconds power is 9 | number of threads is 10 | block size is 8,,,
elapsed time = 99.03 | seconds power is 10 | number of threads is 10 | block size is 8,,,
elapsed time = 102.60 | seconds power is 11 | number of threads is 10 | block size is 8,,,
elapsed time = 106.39 | seconds power is 12 | number of threads is 10 | block size is 8,,,
elapsed time = 109.94 | seconds power is 13 | number of threads is 10 | block size is 8,,,
elapsed time = 113.49 | seconds power is 14 | number of threads is 10 | block size is 8,,,
elapsed time = 117.14 | seconds power is 15 | number of threads is 10 | block size is 8,,,
elapsed time = 120.67 | seconds power is 16 | number of threads is 10 | block size is 8,,,
elapsed time = 124.02 | seconds power is 2 | number of threads is 10 | block size is 16,,,
elapsed time = 127.40 | seconds power is 3 | number of threads is 10 | block size is 16,,,
elapsed time = 130.94 | seconds power is 4 | number of threads is 10 | block size is 16,,,
elapsed time = 134.16 | seconds power is 5 | number of threads is 10 | block size is 16,,,
elapsed time = 137.52 | seconds power is 6 | number of threads is 10 | block size is 16,,,
elapsed time = 141.07 | seconds power is 7 | number of threads is 10 | block size is 16,,,
elapsed time = 144.42 | seconds power is 8 | number of threads is 10 | block size is 16,,,
elapsed time = 147.95 | seconds power is 9 | number of threads is 10 | block size is 16,,,
elapsed time = 151.30 | seconds power is 10 | number of threads is 10 | block size is 16,,,
elapsed time = 154.64 | seconds power is 11 | number of threads is 10 | block size is 16,,,
elapsed time = 158.03 | seconds power is 12 | number of threads is 10 | block size is 16,,,
elapsed time = 161.37 | seconds power is 13 | number of threads is 10 | block size is 16,,,
elapsed time = 164.96 | seconds power is 14 | number of threads is 10 | block size is 16,,,
elapsed time = 168.33 | seconds power is 15 | number of threads is 10 | block size is 16,,,
elapsed time = 171.69 | seconds power is 16 | number of threads is 10 | block size is 16,,,
elapsed time = 174.85 | seconds power is 2 | number of threads is 10 | block size is 32,,,
elapsed time = 178.35 | seconds power is 3 | number of threads is 10 | block size is 32,,,
elapsed time = 181.51 | seconds power is 4 | number of threads is 10 | block size is 32,,,
elapsed time = 185.00 | seconds power is 5 | number of threads is 10 | block size is 32,,,
elapsed time = 188.46 | seconds power is 6 | number of threads is 10 | block size is 32,,,
elapsed time = 191.71 | seconds power is 7 | number of threads is 10 | block size is 32,,,
elapsed time = 195.20 | seconds power is 8 | number of threads is 10 | block size is 32,,,
elapsed time = 198.51 | seconds power is 9 | number of threads is 10 | block size is 32,,,
elapsed time = 202.00 | seconds power is 10 | number of threads is 10 | block size is 32,,,
elapsed time = 205.40 | seconds power is 11 | number of threads is 10 | block size is 32,,,
elapsed time = 208.85 | seconds power is 12 | number of threads is 10 | block size is 32,,,
elapsed time = 212.31 | seconds power is 13 | number of threads is 10 | block size is 32,,,
elapsed time = 215.46 | seconds power is 14 | number of threads is 10 | block size is 32,,,
elapsed time = 218.95 | seconds power is 15 | number of threads is 10 | block size is 32,,,
elapsed time = 222.25 | seconds power is 16 | number of threads is 10 | block size is 32,,,
elapsed time = 225.49 | seconds power is 2 | number of threads is 10 | block size is 64,,,
elapsed time = 228.79 | seconds power is 3 | number of threads is 10 | block size is 64,,,
elapsed time = 232.41 | seconds power is 4 | number of threads is 10 | block size is 64,,,
elapsed time = 235.61 | seconds power is 5 | number of threads is 10 | block size is 64,,,
elapsed time = 239.41 | seconds power is 6 | number of threads is 10 | block size is 64,,,
elapsed time = 242.95 | seconds power is 7 | number of threads is 10 | block size is 64,,,
elapsed time = 246.27 | seconds power is 8 | number of threads is 10 | block size is 64,,,
elapsed time = 249.67 | seconds power is 9 | number of threads is 10 | block size is 64,,,
elapsed time = 252.95 | seconds power is 10 | number of threads is 10 | block size is 64,,,
elapsed time = 256.24 | seconds power is 11 | number of threads is 10 | block size is 64,,,
elapsed time = 260.02 | seconds power is 12 | number of threads is 10 | block size is 64,,,
elapsed time = 263.58 | seconds power is 13 | number of threads is 10 | block size is 64,,,
elapsed time = 267.50 | seconds power is 14 | number of threads is 10 | block size is 64,,,
elapsed time = 271.23 | seconds power is 15 | number of threads is 10 | block size is 64,,,
elapsed time = 274.55 | seconds power is 16 | number of threads is 10 | block size is 64,,,
2048 10 thread done,,,
elapsed time = 4.05 | seconds power is 2 | number of threads is 12 | block size is 4,,,
elapsed time = 7.90 | seconds power is 3 | number of threads is 12 | block size is 4,,,
elapsed time = 11.80 | seconds power is 4 | number of threads is 12 | block size is 4,,,
elapsed time = 15.67 | seconds power is 5 | number of threads is 12 | block size is 4,,,
elapsed time = 19.53 | seconds power is 6 | number of threads is 12 | block size is 4,,,
elapsed time = 23.43 | seconds power is 7 | number of threads is 12 | block size is 4,,,
elapsed time = 27.30 | seconds power is 8 | number of threads is 12 | block size is 4,,,
elapsed time = 31.18 | seconds power is 9 | number of threads is 12 | block size is 4,,,
elapsed time = 35.07 | seconds power is 10 | number of threads is 12 | block size is 4,,,
elapsed time = 38.96 | seconds power is 11 | number of threads is 12 | block size is 4,,,
elapsed time = 42.87 | seconds power is 12 | number of threads is 12 | block size is 4,,,
elapsed time = 46.78 | seconds power is 13 | number of threads is 12 | block size is 4,,,
elapsed time = 50.64 | seconds power is 14 | number of threads is 12 | block size is 4,,,
elapsed time = 54.53 | seconds power is 15 | number of threads is 12 | block size is 4,,,
elapsed time = 58.44 | seconds power is 16 | number of threads is 12 | block size is 4,,,
elapsed time = 61.59 | seconds power is 2 | number of threads is 12 | block size is 8,,,
elapsed time = 64.73 | seconds power is 3 | number of threads is 12 | block size is 8,,,
elapsed time = 67.87 | seconds power is 4 | number of threads is 12 | block size is 8,,,
elapsed time = 71.07 | seconds power is 5 | number of threads is 12 | block size is 8,,,
elapsed time = 74.21 | seconds power is 6 | number of threads is 12 | block size is 8,,,
elapsed time = 77.41 | seconds power is 7 | number of threads is 12 | block size is 8,,,
elapsed time = 80.56 | seconds power is 8 | number of threads is 12 | block size is 8,,,
elapsed time = 83.72 | seconds power is 9 | number of threads is 12 | block size is 8,,,
elapsed time = 86.85 | seconds power is 10 | number of threads is 12 | block size is 8,,,
elapsed time = 90.06 | seconds power is 11 | number of threads is 12 | block size is 8,,,
elapsed time = 93.20 | seconds power is 12 | number of threads is 12 | block size is 8,,,
elapsed time = 96.41 | seconds power is 13 | number of threads is 12 | block size is 8,,,
elapsed time = 99.56 | seconds power is 14 | number of threads is 12 | block size is 8,,,
elapsed time = 102.64 | seconds power is 15 | number of threads is 12 | block size is 8,,,
elapsed time = 105.78 | seconds power is 16 | number of threads is 12 | block size is 8,,,
elapsed time = 108.80 | seconds power is 2 | number of threads is 12 | block size is 16,,,
elapsed time = 111.85 | seconds power is 3 | number of threads is 12 | block size is 16,,,
elapsed time = 114.92 | seconds power is 4 | number of threads is 12 | block size is 16,,,
elapsed time = 117.94 | seconds power is 5 | number of threads is 12 | block size is 16,,,
elapsed time = 121.05 | seconds power is 6 | number of threads is 12 | block size is 16,,,
elapsed time = 124.12 | seconds power is 7 | number of threads is 12 | block size is 16,,,
elapsed time = 127.10 | seconds power is 8 | number of threads is 12 | block size is 16,,,
elapsed time = 130.21 | seconds power is 9 | number of threads is 12 | block size is 16,,,
elapsed time = 133.21 | seconds power is 10 | number of threads is 12 | block size is 16,,,
elapsed time = 136.22 | seconds power is 11 | number of threads is 12 | block size is 16,,,
elapsed time = 139.23 | seconds power is 12 | number of threads is 12 | block size is 16,,,
elapsed time = 142.31 | seconds power is 13 | number of threads is 12 | block size is 16,,,
elapsed time = 145.33 | seconds power is 14 | number of threads is 12 | block size is 16,,,
elapsed time = 148.32 | seconds power is 15 | number of threads is 12 | block size is 16,,,
elapsed time = 151.34 | seconds power is 16 | number of threads is 12 | block size is 16,,,
elapsed time = 154.45 | seconds power is 2 | number of threads is 12 | block size is 32,,,
elapsed time = 157.50 | seconds power is 3 | number of threads is 12 | block size is 32,,,
elapsed time = 160.59 | seconds power is 4 | number of threads is 12 | block size is 32,,,
elapsed time = 163.66 | seconds power is 5 | number of threads is 12 | block size is 32,,,
elapsed time = 166.74 | seconds power is 6 | number of threads is 12 | block size is 32,,,
elapsed time = 169.81 | seconds power is 7 | number of threads is 12 | block size is 32,,,
elapsed time = 172.91 | seconds power is 8 | number of threads is 12 | block size is 32,,,
elapsed time = 176.09 | seconds power is 9 | number of threads is 12 | block size is 32,,,
elapsed time = 179.19 | seconds power is 10 | number of threads is 12 | block size is 32,,,
elapsed time = 182.24 | seconds power is 11 | number of threads is 12 | block size is 32,,,
elapsed time = 185.31 | seconds power is 12 | number of threads is 12 | block size is 32,,,
elapsed time = 188.41 | seconds power is 13 | number of threads is 12 | block size is 32,,,
elapsed time = 191.48 | seconds power is 14 | number of threads is 12 | block size is 32,,,
elapsed time = 194.55 | seconds power is 15 | number of threads is 12 | block size is 32,,,
elapsed time = 197.61 | seconds power is 16 | number of threads is 12 | block size is 32,,,
elapsed time = 200.65 | seconds power is 2 | number of threads is 12 | block size is 64,,,
elapsed time = 203.71 | seconds power is 3 | number of threads is 12 | block size is 64,,,
elapsed time = 206.77 | seconds power is 4 | number of threads is 12 | block size is 64,,,
elapsed time = 209.85 | seconds power is 5 | number of threads is 12 | block size is 64,,,
elapsed time = 212.98 | seconds power is 6 | number of threads is 12 | block size is 64,,,
elapsed time = 216.12 | seconds power is 7 | number of threads is 12 | block size is 64,,,
elapsed time = 219.18 | seconds power is 8 | number of threads is 12 | block size is 64,,,
elapsed time = 222.24 | seconds power is 9 | number of threads is 12 | block size is 64,,,
elapsed time = 225.42 | seconds power is 10 | number of threads is 12 | block size is 64,,,
elapsed time = 228.43 | seconds power is 11 | number of threads is 12 | block size is 64,,,
elapsed time = 231.51 | seconds power is 12 | number of threads is 12 | block size is 64,,,
elapsed time = 234.60 | seconds power is 13 | number of threads is 12 | block size is 64,,,
elapsed time = 237.67 | seconds power is 14 | number of threads is 12 | block size is 64,,,
elapsed time = 240.76 | seconds power is 15 | number of threads is 12 | block size is 64,,,
elapsed time = 243.83 | seconds power is 16 | number of threads is 12 | block size is 64,,,
2048 12 thread done,,,
elapsed time = 4.02 | seconds power is 2 | number of threads is 14 | block size is 4,,,
elapsed time = 7.99 | seconds power is 3 | number of threads is 14 | block size is 4,,,
elapsed time = 11.95 | seconds power is 4 | number of threads is 14 | block size is 4,,,
elapsed time = 15.87 | seconds power is 5 | number of threads is 14 | block size is 4,,,
elapsed time = 19.83 | seconds power is 6 | number of threads is 14 | block size is 4,,,
elapsed time = 23.79 | seconds power is 7 | number of threads is 14 | block size is 4,,,
elapsed time = 27.73 | seconds power is 8 | number of threads is 14 | block size is 4,,,
elapsed time = 31.72 | seconds power is 9 | number of threads is 14 | block size is 4,,,
elapsed time = 35.68 | seconds power is 10 | number of threads is 14 | block size is 4,,,
elapsed time = 39.65 | seconds power is 11 | number of threads is 14 | block size is 4,,,
elapsed time = 43.58 | seconds power is 12 | number of threads is 14 | block size is 4,,,
elapsed time = 47.51 | seconds power is 13 | number of threads is 14 | block size is 4,,,
elapsed time = 51.42 | seconds power is 14 | number of threads is 14 | block size is 4,,,
elapsed time = 55.38 | seconds power is 15 | number of threads is 14 | block size is 4,,,
elapsed time = 59.42 | seconds power is 16 | number of threads is 14 | block size is 4,,,
elapsed time = 62.60 | seconds power is 2 | number of threads is 14 | block size is 8,,,
elapsed time = 65.74 | seconds power is 3 | number of threads is 14 | block size is 8,,,
elapsed time = 68.87 | seconds power is 4 | number of threads is 14 | block size is 8,,,
elapsed time = 72.01 | seconds power is 5 | number of threads is 14 | block size is 8,,,
elapsed time = 75.16 | seconds power is 6 | number of threads is 14 | block size is 8,,,
elapsed time = 78.31 | seconds power is 7 | number of threads is 14 | block size is 8,,,
elapsed time = 81.45 | seconds power is 8 | number of threads is 14 | block size is 8,,,
elapsed time = 84.63 | seconds power is 9 | number of threads is 14 | block size is 8,,,
elapsed time = 87.73 | seconds power is 10 | number of threads is 14 | block size is 8,,,
elapsed time = 90.78 | seconds power is 11 | number of threads is 14 | block size is 8,,,
elapsed time = 93.94 | seconds power is 12 | number of threads is 14 | block size is 8,,,
elapsed time = 97.08 | seconds power is 13 | number of threads is 14 | block size is 8,,,
elapsed time = 100.21 | seconds power is 14 | number of threads is 14 | block size is 8,,,
elapsed time = 103.37 | seconds power is 15 | number of threads is 14 | block size is 8,,,
elapsed time = 106.50 | seconds power is 16 | number of threads is 14 | block size is 8,,,
elapsed time = 109.64 | seconds power is 2 | number of threads is 14 | block size is 16,,,
elapsed time = 112.77 | seconds power is 3 | number of threads is 14 | block size is 16,,,
elapsed time = 115.80 | seconds power is 4 | number of threads is 14 | block size is 16,,,
elapsed time = 118.84 | seconds power is 5 | number of threads is 14 | block size is 16,,,
elapsed time = 121.87 | seconds power is 6 | number of threads is 14 | block size is 16,,,
elapsed time = 124.89 | seconds power is 7 | number of threads is 14 | block size is 16,,,
elapsed time = 128.07 | seconds power is 8 | number of threads is 14 | block size is 16,,,
elapsed time = 131.19 | seconds power is 9 | number of threads is 14 | block size is 16,,,
elapsed time = 134.35 | seconds power is 10 | number of threads is 14 | block size is 16,,,
elapsed time = 137.59 | seconds power is 11 | number of threads is 14 | block size is 16,,,
elapsed time = 140.63 | seconds power is 12 | number of threads is 14 | block size is 16,,,
elapsed time = 143.65 | seconds power is 13 | number of threads is 14 | block size is 16,,,
elapsed time = 146.68 | seconds power is 14 | number of threads is 14 | block size is 16,,,
elapsed time = 149.70 | seconds power is 15 | number of threads is 14 | block size is 16,,,
elapsed time = 152.73 | seconds power is 16 | number of threads is 14 | block size is 16,,,
elapsed time = 155.85 | seconds power is 2 | number of threads is 14 | block size is 32,,,
elapsed time = 158.95 | seconds power is 3 | number of threads is 14 | block size is 32,,,
elapsed time = 162.01 | seconds power is 4 | number of threads is 14 | block size is 32,,,
elapsed time = 165.13 | seconds power is 5 | number of threads is 14 | block size is 32,,,
elapsed time = 168.22 | seconds power is 6 | number of threads is 14 | block size is 32,,,
elapsed time = 171.31 | seconds power is 7 | number of threads is 14 | block size is 32,,,
elapsed time = 174.53 | seconds power is 8 | number of threads is 14 | block size is 32,,,
elapsed time = 177.62 | seconds power is 9 | number of threads is 14 | block size is 32,,,
elapsed time = 180.77 | seconds power is 10 | number of threads is 14 | block size is 32,,,
elapsed time = 183.83 | seconds power is 11 | number of threads is 14 | block size is 32,,,
elapsed time = 186.95 | seconds power is 12 | number of threads is 14 | block size is 32,,,
elapsed time = 190.01 | seconds power is 13 | number of threads is 14 | block size is 32,,,
elapsed time = 193.14 | seconds power is 14 | number of threads is 14 | block size is 32,,,
elapsed time = 196.23 | seconds power is 15 | number of threads is 14 | block size is 32,,,
elapsed time = 199.36 | seconds power is 16 | number of threads is 14 | block size is 32,,,
elapsed time = 202.69 | seconds power is 2 | number of threads is 14 | block size is 64,,,
elapsed time = 206.10 | seconds power is 3 | number of threads is 14 | block size is 64,,,
elapsed time = 209.37 | seconds power is 4 | number of threads is 14 | block size is 64,,,
elapsed time = 212.61 | seconds power is 5 | number of threads is 14 | block size is 64,,,
elapsed time = 216.03 | seconds power is 6 | number of threads is 14 | block size is 64,,,
elapsed time = 219.26 | seconds power is 7 | number of threads is 14 | block size is 64,,,
elapsed time = 222.69 | seconds power is 8 | number of threads is 14 | block size is 64,,,
elapsed time = 225.89 | seconds power is 9 | number of threads is 14 | block size is 64,,,
elapsed time = 229.18 | seconds power is 10 | number of threads is 14 | block size is 64,,,
elapsed time = 232.45 | seconds power is 11 | number of threads is 14 | block size is 64,,,
elapsed time = 235.90 | seconds power is 12 | number of threads is 14 | block size is 64,,,
elapsed time = 239.12 | seconds power is 13 | number of threads is 14 | block size is 64,,,
elapsed time = 242.43 | seconds power is 14 | number of threads is 14 | block size is 64,,,
elapsed time = 245.83 | seconds power is 15 | number of threads is 14 | block size is 64,,,
elapsed time = 249.14 | seconds power is 16 | number of threads is 14 | block size is 64,,,
2048 14 thread done,,,
elapsed time = 3.70 | seconds power is 2 | number of threads is 16 | block size is 4,,,
elapsed time = 7.48 | seconds power is 3 | number of threads is 16 | block size is 4,,,
elapsed time = 11.20 | seconds power is 4 | number of threads is 16 | block size is 4,,,
elapsed time = 14.93 | seconds power is 5 | number of threads is 16 | block size is 4,,,
elapsed time = 18.61 | seconds power is 6 | number of threads is 16 | block size is 4,,,
elapsed time = 22.30 | seconds power is 7 | number of threads is 16 | block size is 4,,,
elapsed time = 26.00 | seconds power is 8 | number of threads is 16 | block size is 4,,,
elapsed time = 29.70 | seconds power is 9 | number of threads is 16 | block size is 4,,,
elapsed time = 33.39 | seconds power is 10 | number of threads is 16 | block size is 4,,,
elapsed time = 37.09 | seconds power is 11 | number of threads is 16 | block size is 4,,,
elapsed time = 40.78 | seconds power is 12 | number of threads is 16 | block size is 4,,,
elapsed time = 44.48 | seconds power is 13 | number of threads is 16 | block size is 4,,,
elapsed time = 48.16 | seconds power is 14 | number of threads is 16 | block size is 4,,,
elapsed time = 51.89 | seconds power is 15 | number of threads is 16 | block size is 4,,,
elapsed time = 55.56 | seconds power is 16 | number of threads is 16 | block size is 4,,,
elapsed time = 58.57 | seconds power is 2 | number of threads is 16 | block size is 8,,,
elapsed time = 61.58 | seconds power is 3 | number of threads is 16 | block size is 8,,,
elapsed time = 64.52 | seconds power is 4 | number of threads is 16 | block size is 8,,,
elapsed time = 67.51 | seconds power is 5 | number of threads is 16 | block size is 8,,,
elapsed time = 70.50 | seconds power is 6 | number of threads is 16 | block size is 8,,,
elapsed time = 73.53 | seconds power is 7 | number of threads is 16 | block size is 8,,,
elapsed time = 76.52 | seconds power is 8 | number of threads is 16 | block size is 8,,,
elapsed time = 79.52 | seconds power is 9 | number of threads is 16 | block size is 8,,,
elapsed time = 82.45 | seconds power is 10 | number of threads is 16 | block size is 8,,,
elapsed time = 85.45 | seconds power is 11 | number of threads is 16 | block size is 8,,,
elapsed time = 88.44 | seconds power is 12 | number of threads is 16 | block size is 8,,,
elapsed time = 91.48 | seconds power is 13 | number of threads is 16 | block size is 8,,,
elapsed time = 94.47 | seconds power is 14 | number of threads is 16 | block size is 8,,,
elapsed time = 97.47 | seconds power is 15 | number of threads is 16 | block size is 8,,,
elapsed time = 100.50 | seconds power is 16 | number of threads is 16 | block size is 8,,,
elapsed time = 103.44 | seconds power is 2 | number of threads is 16 | block size is 16,,,
elapsed time = 106.34 | seconds power is 3 | number of threads is 16 | block size is 16,,,
elapsed time = 109.28 | seconds power is 4 | number of threads is 16 | block size is 16,,,
elapsed time = 112.21 | seconds power is 5 | number of threads is 16 | block size is 16,,,
elapsed time = 115.18 | seconds power is 6 | number of threads is 16 | block size is 16,,,
elapsed time = 118.22 | seconds power is 7 | number of threads is 16 | block size is 16,,,
elapsed time = 121.14 | seconds power is 8 | number of threads is 16 | block size is 16,,,
elapsed time = 124.06 | seconds power is 9 | number of threads is 16 | block size is 16,,,
elapsed time = 126.98 | seconds power is 10 | number of threads is 16 | block size is 16,,,
elapsed time = 129.95 | seconds power is 11 | number of threads is 16 | block size is 16,,,
elapsed time = 132.90 | seconds power is 12 | number of threads is 16 | block size is 16,,,
elapsed time = 135.84 | seconds power is 13 | number of threads is 16 | block size is 16,,,
elapsed time = 138.78 | seconds power is 14 | number of threads is 16 | block size is 16,,,
elapsed time = 141.74 | seconds power is 15 | number of threads is 16 | block size is 16,,,
elapsed time = 144.69 | seconds power is 16 | number of threads is 16 | block size is 16,,,
elapsed time = 147.58 | seconds power is 2 | number of threads is 16 | block size is 32,,,
elapsed time = 150.48 | seconds power is 3 | number of threads is 16 | block size is 32,,,
elapsed time = 153.40 | seconds power is 4 | number of threads is 16 | block size is 32,,,
elapsed time = 156.30 | seconds power is 5 | number of threads is 16 | block size is 32,,,
elapsed time = 159.20 | seconds power is 6 | number of threads is 16 | block size is 32,,,
elapsed time = 162.18 | seconds power is 7 | number of threads is 16 | block size is 32,,,
elapsed time = 165.11 | seconds power is 8 | number of threads is 16 | block size is 32,,,
elapsed time = 168.10 | seconds power is 9 | number of threads is 16 | block size is 32,,,
elapsed time = 171.01 | seconds power is 10 | number of threads is 16 | block size is 32,,,
elapsed time = 173.97 | seconds power is 11 | number of threads is 16 | block size is 32,,,
elapsed time = 176.87 | seconds power is 12 | number of threads is 16 | block size is 32,,,
elapsed time = 179.80 | seconds power is 13 | number of threads is 16 | block size is 32,,,
elapsed time = 182.70 | seconds power is 14 | number of threads is 16 | block size is 32,,,
elapsed time = 185.59 | seconds power is 15 | number of threads is 16 | block size is 32,,,
elapsed time = 188.49 | seconds power is 16 | number of threads is 16 | block size is 32,,,
elapsed time = 191.38 | seconds power is 2 | number of threads is 16 | block size is 64,,,
elapsed time = 194.31 | seconds power is 3 | number of threads is 16 | block size is 64,,,
elapsed time = 197.25 | seconds power is 4 | number of threads is 16 | block size is 64,,,
elapsed time = 200.16 | seconds power is 5 | number of threads is 16 | block size is 64,,,
elapsed time = 203.05 | seconds power is 6 | number of threads is 16 | block size is 64,,,
elapsed time = 206.01 | seconds power is 7 | number of threads is 16 | block size is 64,,,
elapsed time = 208.94 | seconds power is 8 | number of threads is 16 | block size is 64,,,
elapsed time = 211.88 | seconds power is 9 | number of threads is 16 | block size is 64,,,
elapsed time = 214.80 | seconds power is 10 | number of threads is 16 | block size is 64,,,
elapsed time = 217.71 | seconds power is 11 | number of threads is 16 | block size is 64,,,
elapsed time = 220.60 | seconds power is 12 | number of threads is 16 | block size is 64,,,
elapsed time = 223.52 | seconds power is 13 | number of threads is 16 | block size is 64,,,
elapsed time = 226.41 | seconds power is 14 | number of threads is 16 | block size is 64,,,
elapsed time = 229.33 | seconds power is 15 | number of threads is 16 | block size is 64,,,
elapsed time = 232.32 | seconds power is 16 | number of threads is 16 | block size is 64,,,
2048 16 thread done,,,
